Path,Name,Good,Bytes,Folder Name,SizeX,SizeY,id,SizeXY
Images/1A.jpg_files/GOOD/,1A_s0c0x10661-1600y12949-1200m126.jpg,1,1224622.0,1A,1600,1200,0,1920000
Images/1A.jpg_files/GOOD/,1A_s0c0x10662-1600y9720-1200m95.jpg,1,1249531.0,1A,1600,1200,1,1920000
Images/1A.jpg_files/GOOD/,1A_s0c0x10663-1600y11874-1200m117.jpg,1,1230539.0,1A,1600,1200,2,1920000
Images/1A.jpg_files/GOOD/,1A_s0c0x10663-1600y5380-1200m47.jpg,1,1275787.0,1A,1600,1200,3,1920000
Images/1A.jpg_files/GOOD/,1A_s0c0x10664-1600y7547-1200m71.jpg,1,1260650.0,1A,1600,1200,4,1920000
Images/1A.jpg_files/GOOD/,1A_s0c0x10665-1600y10798-1200m106.jpg,1,1208194.0,1A,1600,1200,5,1920000
Images/1A.jpg_files/GOOD/,1A_s0c0x10666-1600y3229-1200m23.jpg,1,1233124.0,1A,1600,1200,6,1920000
Images/1A.jpg_files/GOOD/,1A_s0c0x10669-1600y8637-1200m83.jpg,1,1267115.0,1A,1600,1200,7,1920000
Images/1A.jpg_files/GOOD/,1A_s0c0x10670-1600y4304-1200m35.jpg,1,1267036.0,1A,1600,1200,8,1920000
Images/1A.jpg_files/GOOD/,1A_s0c0x10671-1600y6462-1200m59.jpg,1,1275160.0,1A,1600,1200,9,1920000
Images/1A.jpg_files/GOOD/,1A_s0c0x12108-1600y10798-1200m107.jpg,1,1214994.0,1A,1600,1200,10,1920000
Images/1A.jpg_files/GOOD/,1A_s0c0x12110-1600y5381-1200m48.jpg,1,1331021.0,1A,1600,1200,11,1920000
Images/1A.jpg_files/GOOD/,1A_s0c0x12110-1600y7548-1200m72.jpg,1,1264449.0,1A,1600,1200,12,1920000
Images/1A.jpg_files/GOOD/,1A_s0c0x12110-1600y9721-1200m96.jpg,1,1263484.0,1A,1600,1200,13,1920000
Images/1A.jpg_files/GOOD/,1A_s0c0x12112-1600y11874-1200m118.jpg,1,1219194.0,1A,1600,1200,14,1920000
Images/1A.jpg_files/GOOD/,1A_s0c0x12112-1600y3230-1200m24.jpg,1,1351949.0,1A,1600,1200,15,1920000
Images/1A.jpg_files/GOOD/,1A_s0c0x12116-1600y8638-1200m84.jpg,1,1266688.0,1A,1600,1200,16,1920000
Images/1A.jpg_files/GOOD/,1A_s0c0x12118-1600y4305-1200m36.jpg,1,1348654.0,1A,1600,1200,17,1920000
Images/1A.jpg_files/GOOD/,1A_s0c0x12122-1600y6462-1200m60.jpg,1,1327154.0,1A,1600,1200,18,1920000
Images/1A.jpg_files/GOOD/,1A_s0c0x13555-1600y5382-1200m49.jpg,1,1327764.0,1A,1600,1200,19,1920000
Images/1A.jpg_files/GOOD/,1A_s0c0x13557-1600y9721-1200m97.jpg,1,1259324.0,1A,1600,1200,20,1920000
Images/1A.jpg_files/GOOD/,1A_s0c0x13558-1600y10798-1200m108.jpg,1,1121183.0,1A,1600,1200,21,1920000
Images/1A.jpg_files/GOOD/,1A_s0c0x13558-1600y7548-1200m73.jpg,1,1306972.0,1A,1600,1200,22,1920000
Images/1A.jpg_files/GOOD/,1A_s0c0x13560-1600y2155-1200m13.jpg,1,1192719.0,1A,1600,1200,23,1920000
Images/1A.jpg_files/GOOD/,1A_s0c0x13562-1600y6463-1200m61.jpg,1,1309137.0,1A,1600,1200,24,1920000
Images/1A.jpg_files/GOOD/,1A_s0c0x13563-1600y3230-1200m25.jpg,1,1375541.0,1A,1600,1200,25,1920000
Images/1A.jpg_files/GOOD/,1A_s0c0x13563-1600y4306-1200m37.jpg,1,1384846.0,1A,1600,1200,26,1920000
Images/1A.jpg_files/GOOD/,1A_s0c0x13564-1600y8638-1200m85.jpg,1,1292291.0,1A,1600,1200,27,1920000
Images/1A.jpg_files/GOOD/,1A_s0c0x2027-1600y8636-1200m77.jpg,1,1267067.0,1A,1600,1200,28,1920000
Images/1A.jpg_files/GOOD/,1A_s0c0x2028-1600y7546-1200m65.jpg,1,1196093.0,1A,1600,1200,29,1920000
Images/1A.jpg_files/GOOD/,1A_s0c0x2028-1600y9720-1200m89.jpg,1,1181777.0,1A,1600,1200,30,1920000
Images/1A.jpg_files/GOOD/,1A_s0c0x3462-1600y10797-1200m101.jpg,1,1324718.0,1A,1600,1200,31,1920000
Images/1A.jpg_files/GOOD/,1A_s0c0x3468-1600y6461-1200m54.jpg,1,1197995.0,1A,1600,1200,32,1920000
Images/1A.jpg_files/GOOD/,1A_s0c0x3470-1600y11874-1200m112.jpg,1,1254747.0,1A,1600,1200,33,1920000
Images/1A.jpg_files/GOOD/,1A_s0c0x3470-1600y8636-1200m78.jpg,1,1300422.0,1A,1600,1200,34,1920000
Images/1A.jpg_files/GOOD/,1A_s0c0x3471-1600y7547-1200m66.jpg,1,1342121.0,1A,1600,1200,35,1920000
Images/1A.jpg_files/GOOD/,1A_s0c0x3471-1600y9720-1200m90.jpg,1,1248341.0,1A,1600,1200,36,1920000
Images/1A.jpg_files/GOOD/,1A_s0c0x3472-1600y5381-1200m42.jpg,1,1166945.0,1A,1600,1200,37,1920000
Images/1A.jpg_files/GOOD/,1A_s0c0x4906-1600y11873-1200m113.jpg,1,1334090.0,1A,1600,1200,38,1920000
Images/1A.jpg_files/GOOD/,1A_s0c0x4906-1600y8637-1200m79.jpg,1,1253571.0,1A,1600,1200,39,1920000
Images/1A.jpg_files/GOOD/,1A_s0c0x4907-1600y5382-1200m43.jpg,1,1322864.0,1A,1600,1200,40,1920000
Images/1A.jpg_files/GOOD/,1A_s0c0x4908-1600y10797-1200m102.jpg,1,1330869.0,1A,1600,1200,41,1920000
Images/1A.jpg_files/GOOD/,1A_s0c0x4910-1600y9720-1200m91.jpg,1,1302357.0,1A,1600,1200,42,1920000
Images/1A.jpg_files/GOOD/,1A_s0c0x4912-1600y6462-1200m55.jpg,1,1294945.0,1A,1600,1200,43,1920000
Images/1A.jpg_files/GOOD/,1A_s0c0x4912-1600y7548-1200m67.jpg,1,1360410.0,1A,1600,1200,44,1920000
Images/1A.jpg_files/GOOD/,1A_s0c0x4913-1600y12949-1200m122.jpg,1,1215692.0,1A,1600,1200,45,1920000
Images/1A.jpg_files/GOOD/,1A_s0c0x6343-1600y10796-1200m103.jpg,1,1205253.0,1A,1600,1200,46,1920000
Images/1A.jpg_files/GOOD/,1A_s0c0x6343-1600y5380-1200m44.jpg,1,1319734.0,1A,1600,1200,47,1920000
Images/1A.jpg_files/GOOD/,1A_s0c0x6343-1600y8635-1200m80.jpg,1,1307984.0,1A,1600,1200,48,1920000
Images/1A.jpg_files/GOOD/,1A_s0c0x6346-1600y7546-1200m68.jpg,1,1286996.0,1A,1600,1200,49,1920000
Images/1A.jpg_files/GOOD/,1A_s0c0x6347-1600y11872-1200m114.jpg,1,1254054.0,1A,1600,1200,50,1920000
Images/1A.jpg_files/GOOD/,1A_s0c0x6349-1600y9719-1200m92.jpg,1,1120296.0,1A,1600,1200,51,1920000
Images/1A.jpg_files/GOOD/,1A_s0c0x6351-1600y12948-1200m123.jpg,1,1269206.0,1A,1600,1200,52,1920000
Images/1A.jpg_files/GOOD/,1A_s0c0x6352-1600y6461-1200m56.jpg,1,1259305.0,1A,1600,1200,53,1920000
Images/1A.jpg_files/GOOD/,1A_s0c0x7775-1600y7547-1200m69.jpg,1,1294489.0,1A,1600,1200,54,1920000
Images/1A.jpg_files/GOOD/,1A_s0c0x7775-1600y8636-1200m81.jpg,1,1288316.0,1A,1600,1200,55,1920000
Images/1A.jpg_files/GOOD/,1A_s0c0x7778-1600y10796-1200m104.jpg,1,1203070.0,1A,1600,1200,56,1920000
Images/1A.jpg_files/GOOD/,1A_s0c0x7779-1600y4304-1200m33.jpg,1,1305446.0,1A,1600,1200,57,1920000
Images/1A.jpg_files/GOOD/,1A_s0c0x7779-1600y9719-1200m93.jpg,1,1216846.0,1A,1600,1200,58,1920000
Images/1A.jpg_files/GOOD/,1A_s0c0x7780-1600y12948-1200m124.jpg,1,1243357.0,1A,1600,1200,59,1920000
Images/1A.jpg_files/GOOD/,1A_s0c0x7780-1600y6461-1200m57.jpg,1,1292859.0,1A,1600,1200,60,1920000
Images/1A.jpg_files/GOOD/,1A_s0c0x7782-1600y11872-1200m115.jpg,1,1241658.0,1A,1600,1200,61,1920000
Images/1A.jpg_files/GOOD/,1A_s0c0x7782-1600y5381-1200m45.jpg,1,1265499.0,1A,1600,1200,62,1920000
Images/1A.jpg_files/GOOD/,1A_s0c0x9212-1600y12949-1200m125.jpg,1,1238391.0,1A,1600,1200,63,1920000
Images/1A.jpg_files/GOOD/,1A_s0c0x9215-1600y11873-1200m116.jpg,1,1223796.0,1A,1600,1200,64,1920000
Images/1A.jpg_files/GOOD/,1A_s0c0x9218-1600y10797-1200m105.jpg,1,1234021.0,1A,1600,1200,65,1920000
Images/1A.jpg_files/GOOD/,1A_s0c0x9218-1600y8637-1200m82.jpg,1,1240463.0,1A,1600,1200,66,1920000
Images/1A.jpg_files/GOOD/,1A_s0c0x9222-1600y5382-1200m46.jpg,1,1228100.0,1A,1600,1200,67,1920000
Images/1A.jpg_files/GOOD/,1A_s0c0x9222-1600y6462-1200m58.jpg,1,1269806.0,1A,1600,1200,68,1920000
Images/1A.jpg_files/GOOD/,1A_s0c0x9222-1600y9720-1200m94.jpg,1,1285333.0,1A,1600,1200,69,1920000
Images/1A.jpg_files/GOOD/,1A_s0c0x9223-1600y7548-1200m70.jpg,1,1269621.0,1A,1600,1200,70,1920000
Images/1A.jpg_files/GOOD/,1A_s0c0x9226-1600y4305-1200m34.jpg,1,1257307.0,1A,1600,1200,71,1920000
Images/1A.jpg_files/BAD/,1A_s0c0x0-740y3229-1200m15.jpg,0,20831.0,1A,740,1200,72,888000
Images/1A.jpg_files/BAD/,1A_s0c0x0-744y5380-1200m39.jpg,0,18783.0,1A,744,1200,73,892800
Images/1A.jpg_files/BAD/,1A_s0c0x0-745y8634-1200m75.jpg,0,26000.0,1A,745,1200,74,894000
Images/1A.jpg_files/BAD/,1A_s0c0x0-746y7545-1200m63.jpg,0,26530.0,1A,746,1200,75,895200
Images/1A.jpg_files/BAD/,1A_s0c0x0-746y9718-1200m87.jpg,0,19841.0,1A,746,1200,76,895200
Images/1A.jpg_files/BAD/,1A_s0c0x0-754y6461-1200m51.jpg,0,24092.0,1A,754,1200,77,904800
Images/1A.jpg_files/BAD/,1A_s0c0x0-755y4304-1200m27.jpg,0,26040.0,1A,755,1200,78,906000
Images/1A.jpg_files/BAD/,1A_s0c0x10664-1600y2154-1200m11.jpg,0,333825.0,1A,1600,1200,79,1920000
Images/1A.jpg_files/BAD/,1A_s0c0x10665-1600y14024-982m133.jpg,0,306992.0,1A,1600,982,80,1571200
Images/1A.jpg_files/BAD/,1A_s0c0x10670-1600y1080-1200m3.jpg,0,43759.0,1A,1600,1200,81,1920000
Images/1A.jpg_files/BAD/,1A_s0c0x12100-1600y0-1200m0.jpg,0,154207.0,1A,1600,1200,82,1920000
Images/1A.jpg_files/BAD/,1A_s0c0x12105-1600y14025-981m134.jpg,0,79273.0,1A,1600,981,83,1569600
Images/1A.jpg_files/BAD/,1A_s0c0x12112-1600y1080-1200m4.jpg,0,155327.0,1A,1600,1200,84,1920000
Images/1A.jpg_files/BAD/,1A_s0c0x12112-1600y12950-1200m127.jpg,0,728325.0,1A,1600,1200,85,1920000
Images/1A.jpg_files/BAD/,1A_s0c0x12116-1600y2154-1200m12.jpg,0,1008486.0,1A,1600,1200,86,1920000
Images/1A.jpg_files/BAD/,1A_s0c0x13544-1600y0-1200m1.jpg,0,42562.0,1A,1600,1200,87,1920000
Images/1A.jpg_files/BAD/,1A_s0c0x13556-1600y11874-1200m119.jpg,0,534451.0,1A,1600,1200,88,1920000
Images/1A.jpg_files/BAD/,1A_s0c0x13561-1600y1081-1200m5.jpg,0,295758.0,1A,1600,1200,89,1920000
Images/1A.jpg_files/BAD/,1A_s0c0x14999-1600y7549-1200m74.jpg,0,1053361.0,1A,1600,1200,90,1920000
Images/1A.jpg_files/BAD/,1A_s0c0x15000-1600y10798-1200m109.jpg,0,170091.0,1A,1600,1200,91,1920000
Images/1A.jpg_files/BAD/,1A_s0c0x15000-1600y9721-1200m98.jpg,0,561404.0,1A,1600,1200,92,1920000
Images/1A.jpg_files/BAD/,1A_s0c0x15001-1600y5382-1200m50.jpg,0,1000557.0,1A,1600,1200,93,1920000
Images/1A.jpg_files/BAD/,1A_s0c0x15002-1600y6463-1200m62.jpg,0,1111480.0,1A,1600,1200,94,1920000
Images/1A.jpg_files/BAD/,1A_s0c0x15004-1600y2155-1200m14.jpg,0,128456.0,1A,1600,1200,95,1920000
Images/1A.jpg_files/BAD/,1A_s0c0x15004-1600y4306-1200m38.jpg,0,893031.0,1A,1600,1200,96,1920000
Images/1A.jpg_files/BAD/,1A_s0c0x15005-1600y3230-1200m26.jpg,0,525864.0,1A,1600,1200,97,1920000
Images/1A.jpg_files/BAD/,1A_s0c0x15006-1600y8638-1200m86.jpg,0,891289.0,1A,1600,1200,98,1920000
Images/1A.jpg_files/BAD/,1A_s0c0x2015-1600y1078-1200m2.jpg,0,41100.0,1A,1600,1200,99,1920000
Images/1A.jpg_files/BAD/,1A_s0c0x2026-1600y10796-1200m100.jpg,0,941063.0,1A,1600,1200,100,1920000
Images/1A.jpg_files/BAD/,1A_s0c0x2026-1600y11872-1200m111.jpg,0,287602.0,1A,1600,1200,101,1920000
Images/1A.jpg_files/BAD/,1A_s0c0x2027-1600y2153-1200m7.jpg,0,194551.0,1A,1600,1200,102,1920000
Images/1A.jpg_files/BAD/,1A_s0c0x2027-1600y6461-1200m53.jpg,0,1116078.0,1A,1600,1200,103,1920000
Images/1A.jpg_files/BAD/,1A_s0c0x2028-1600y4304-1200m29.jpg,0,240533.0,1A,1600,1200,104,1920000
Images/1A.jpg_files/BAD/,1A_s0c0x2028-1600y5381-1200m41.jpg,0,644656.0,1A,1600,1200,105,1920000
Images/1A.jpg_files/BAD/,1A_s0c0x2029-1600y3229-1200m17.jpg,0,321313.0,1A,1600,1200,106,1920000
Images/1A.jpg_files/BAD/,1A_s0c0x2030-1600y12948-1200m120.jpg,0,53238.0,1A,1600,1200,107,1920000
Images/1A.jpg_files/BAD/,1A_s0c0x3470-1600y12948-1200m121.jpg,0,412949.0,1A,1600,1200,108,1920000
Images/1A.jpg_files/BAD/,1A_s0c0x3470-1600y4304-1200m30.jpg,0,152521.0,1A,1600,1200,109,1920000
Images/1A.jpg_files/BAD/,1A_s0c0x3474-1600y3229-1200m18.jpg,0,41459.0,1A,1600,1200,110,1920000
Images/1A.jpg_files/BAD/,1A_s0c0x3477-1600y14024-982m128.jpg,0,42234.0,1A,1600,982,111,1571200
Images/1A.jpg_files/BAD/,1A_s0c0x4905-1600y4304-1200m31.jpg,0,484723.0,1A,1600,1200,112,1920000
Images/1A.jpg_files/BAD/,1A_s0c0x4915-1600y14024-982m129.jpg,0,184792.0,1A,1600,982,113,1571200
Images/1A.jpg_files/BAD/,1A_s0c0x4919-1600y3229-1200m19.jpg,0,58374.0,1A,1600,1200,114,1920000
Images/1A.jpg_files/BAD/,1A_s0c0x539-1600y2152-1200m6.jpg,0,37886.0,1A,1600,1200,115,1920000
Images/1A.jpg_files/BAD/,1A_s0c0x584-1600y3229-1200m16.jpg,0,52088.0,1A,1600,1200,116,1920000
Images/1A.jpg_files/BAD/,1A_s0c0x585-1600y11872-1200m110.jpg,0,46734.0,1A,1600,1200,117,1920000
Images/1A.jpg_files/BAD/,1A_s0c0x586-1600y5380-1200m40.jpg,0,500644.0,1A,1600,1200,118,1920000
Images/1A.jpg_files/BAD/,1A_s0c0x587-1600y4303-1200m28.jpg,0,314218.0,1A,1600,1200,119,1920000
Images/1A.jpg_files/BAD/,1A_s0c0x587-1600y6460-1200m52.jpg,0,689601.0,1A,1600,1200,120,1920000
Images/1A.jpg_files/BAD/,1A_s0c0x587-1600y7545-1200m64.jpg,0,781234.0,1A,1600,1200,121,1920000
Images/1A.jpg_files/BAD/,1A_s0c0x587-1600y8634-1200m76.jpg,0,680751.0,1A,1600,1200,122,1920000
Images/1A.jpg_files/BAD/,1A_s0c0x587-1600y9718-1200m88.jpg,0,266741.0,1A,1600,1200,123,1920000
Images/1A.jpg_files/BAD/,1A_s0c0x592-1600y10795-1200m99.jpg,0,66619.0,1A,1600,1200,124,1920000
Images/1A.jpg_files/BAD/,1A_s0c0x6325-1600y2154-1200m8.jpg,0,50366.0,1A,1600,1200,125,1920000
Images/1A.jpg_files/BAD/,1A_s0c0x6340-1600y4303-1200m32.jpg,0,891462.0,1A,1600,1200,126,1920000
Images/1A.jpg_files/BAD/,1A_s0c0x6346-1600y3228-1200m20.jpg,0,51606.0,1A,1600,1200,127,1920000
Images/1A.jpg_files/BAD/,1A_s0c0x6354-1600y14023-983m130.jpg,0,553586.0,1A,1600,983,128,1572800
Images/1A.jpg_files/BAD/,1A_s0c0x7772-1600y2154-1200m9.jpg,0,37779.0,1A,1600,1200,129,1920000
Images/1A.jpg_files/BAD/,1A_s0c0x7778-1600y14024-982m131.jpg,0,746805.0,1A,1600,982,130,1571200
Images/1A.jpg_files/BAD/,1A_s0c0x7782-1600y3229-1200m21.jpg,0,302448.0,1A,1600,1200,131,1920000
Images/1A.jpg_files/BAD/,1A_s0c0x9215-1600y14024-982m132.jpg,0,647674.0,1A,1600,982,132,1571200
Images/1A.jpg_files/BAD/,1A_s0c0x9218-1600y2154-1200m10.jpg,0,45761.0,1A,1600,1200,133,1920000
Images/1A.jpg_files/BAD/,1A_s0c0x9223-1600y3229-1200m22.jpg,0,863830.0,1A,1600,1200,134,1920000
Images/3A.jpg_files/GOOD/,3A_s0c0x1055-1600y10545-1200m103.jpg,1,1079787.0,3A,1600,1200,135,1920000
Images/3A.jpg_files/GOOD/,3A_s0c0x1058-1600y9463-1200m91.jpg,1,1194202.0,3A,1600,1200,136,1920000
Images/3A.jpg_files/GOOD/,3A_s0c0x11120-1600y9467-1200m98.jpg,1,1156630.0,3A,1600,1200,137,1920000
Images/3A.jpg_files/GOOD/,3A_s0c0x11123-1600y10549-1200m110.jpg,1,1061073.0,3A,1600,1200,138,1920000
Images/3A.jpg_files/GOOD/,3A_s0c0x11123-1600y11629-1200m122.jpg,1,1165824.0,3A,1600,1200,139,1920000
Images/3A.jpg_files/GOOD/,3A_s0c0x11123-1600y6213-1200m62.jpg,1,1112346.0,3A,1600,1200,140,1920000
Images/3A.jpg_files/GOOD/,3A_s0c0x11124-1600y7293-1200m74.jpg,1,972909.0,3A,1600,1200,141,1920000
Images/3A.jpg_files/GOOD/,3A_s0c0x11125-1600y13782-1200m146.jpg,1,1173197.0,3A,1600,1200,142,1920000
Images/3A.jpg_files/GOOD/,3A_s0c0x11125-1600y14855-1200m158.jpg,1,1151613.0,3A,1600,1200,143,1920000
Images/3A.jpg_files/GOOD/,3A_s0c0x11125-1600y5135-1200m50.jpg,1,1087339.0,3A,1600,1200,144,1920000
Images/3A.jpg_files/GOOD/,3A_s0c0x11125-1600y8379-1200m86.jpg,1,1109347.0,3A,1600,1200,145,1920000
Images/3A.jpg_files/GOOD/,3A_s0c0x11127-1600y12707-1200m134.jpg,1,1134733.0,3A,1600,1200,146,1920000
Images/3A.jpg_files/GOOD/,3A_s0c0x11127-1600y2987-1200m27.jpg,1,1138609.0,3A,1600,1200,147,1920000
Images/3A.jpg_files/GOOD/,3A_s0c0x11129-1600y4060-1200m38.jpg,1,1107763.0,3A,1600,1200,148,1920000
Images/3A.jpg_files/GOOD/,3A_s0c0x12557-1600y13782-1200m147.jpg,1,1076643.0,3A,1600,1200,149,1920000
Images/3A.jpg_files/GOOD/,3A_s0c0x12561-1600y14855-1200m159.jpg,1,1026790.0,3A,1600,1200,150,1920000
Images/3A.jpg_files/GOOD/,3A_s0c0x12563-1600y7293-1200m75.jpg,1,1061318.0,3A,1600,1200,151,1920000
Images/3A.jpg_files/GOOD/,3A_s0c0x12565-1600y5135-1200m51.jpg,1,1117464.0,3A,1600,1200,152,1920000
Images/3A.jpg_files/GOOD/,3A_s0c0x12571-1600y4059-1200m39.jpg,1,1086324.0,3A,1600,1200,153,1920000
Images/3A.jpg_files/GOOD/,3A_s0c0x12572-1600y6213-1200m63.jpg,1,1069164.0,3A,1600,1200,154,1920000
Images/3A.jpg_files/GOOD/,3A_s0c0x13993-1600y12705-1200m136.jpg,1,922065.0,3A,1600,1200,155,1920000
Images/3A.jpg_files/GOOD/,3A_s0c0x14001-1600y5133-1200m52.jpg,1,878023.0,3A,1600,1200,156,1920000
Images/3A.jpg_files/GOOD/,3A_s0c0x14005-1600y11628-1200m124.jpg,1,1047350.0,3A,1600,1200,157,1920000
Images/3A.jpg_files/GOOD/,3A_s0c0x14005-1600y8378-1200m88.jpg,1,1038994.0,3A,1600,1200,158,1920000
Images/3A.jpg_files/GOOD/,3A_s0c0x14009-1600y7293-1200m76.jpg,1,934420.0,3A,1600,1200,159,1920000
Images/3A.jpg_files/GOOD/,3A_s0c0x2482-1600y7289-1200m68.jpg,1,852181.0,3A,1600,1200,160,1920000
Images/3A.jpg_files/GOOD/,3A_s0c0x2491-1600y9463-1200m92.jpg,1,978461.0,3A,1600,1200,161,1920000
Images/3A.jpg_files/GOOD/,3A_s0c0x3927-1600y12701-1200m129.jpg,1,1066281.0,3A,1600,1200,162,1920000
Images/3A.jpg_files/GOOD/,3A_s0c0x3929-1600y11623-1200m117.jpg,1,1010287.0,3A,1600,1200,163,1920000
Images/3A.jpg_files/GOOD/,3A_s0c0x3931-1600y13777-1200m141.jpg,1,1117423.0,3A,1600,1200,164,1920000
Images/3A.jpg_files/GOOD/,3A_s0c0x3931-1600y4056-1200m33.jpg,1,1151869.0,3A,1600,1200,165,1920000
Images/3A.jpg_files/GOOD/,3A_s0c0x3931-1600y6209-1200m57.jpg,1,1002911.0,3A,1600,1200,166,1920000
Images/3A.jpg_files/GOOD/,3A_s0c0x3933-1600y5131-1200m45.jpg,1,1174675.0,3A,1600,1200,167,1920000
Images/3A.jpg_files/GOOD/,3A_s0c0x3934-1600y14851-1200m153.jpg,1,1123366.0,3A,1600,1200,168,1920000
Images/3A.jpg_files/GOOD/,3A_s0c0x3934-1600y2983-1200m22.jpg,1,1133516.0,3A,1600,1200,169,1920000
Images/3A.jpg_files/GOOD/,3A_s0c0x5359-1600y11623-1200m118.jpg,1,1199829.0,3A,1600,1200,170,1920000
Images/3A.jpg_files/GOOD/,3A_s0c0x5360-1600y14851-1200m154.jpg,1,1168303.0,3A,1600,1200,171,1920000
Images/3A.jpg_files/GOOD/,3A_s0c0x5362-1600y12701-1200m130.jpg,1,1212040.0,3A,1600,1200,172,1920000
Images/3A.jpg_files/GOOD/,3A_s0c0x5363-1600y13777-1200m142.jpg,1,1176181.0,3A,1600,1200,173,1920000
Images/3A.jpg_files/GOOD/,3A_s0c0x5364-1600y9461-1200m94.jpg,1,1106671.0,3A,1600,1200,174,1920000
Images/3A.jpg_files/GOOD/,3A_s0c0x5365-1600y15927-1200m164.jpg,1,1037981.0,3A,1600,1200,175,1920000
Images/3A.jpg_files/GOOD/,3A_s0c0x5365-1600y4056-1200m34.jpg,1,1181344.0,3A,1600,1200,176,1920000
Images/3A.jpg_files/GOOD/,3A_s0c0x5367-1600y10544-1200m106.jpg,1,1184118.0,3A,1600,1200,177,1920000
Images/3A.jpg_files/GOOD/,3A_s0c0x5367-1600y6210-1200m58.jpg,1,1213672.0,3A,1600,1200,178,1920000
Images/3A.jpg_files/GOOD/,3A_s0c0x5367-1600y8373-1200m82.jpg,1,1046782.0,3A,1600,1200,179,1920000
Images/3A.jpg_files/GOOD/,3A_s0c0x5369-1600y2983-1200m23.jpg,1,1139416.0,3A,1600,1200,180,1920000
Images/3A.jpg_files/GOOD/,3A_s0c0x5369-1600y5132-1200m46.jpg,1,1200692.0,3A,1600,1200,181,1920000
Images/3A.jpg_files/GOOD/,3A_s0c0x5370-1600y1910-1200m13.jpg,1,1021774.0,3A,1600,1200,182,1920000
Images/3A.jpg_files/GOOD/,3A_s0c0x6792-1600y11625-1200m119.jpg,1,1239053.0,3A,1600,1200,183,1920000
Images/3A.jpg_files/GOOD/,3A_s0c0x6795-1600y12703-1200m131.jpg,1,1224234.0,3A,1600,1200,184,1920000
Images/3A.jpg_files/GOOD/,3A_s0c0x6795-1600y13778-1200m143.jpg,1,1181923.0,3A,1600,1200,185,1920000
Images/3A.jpg_files/GOOD/,3A_s0c0x6796-1600y14851-1200m155.jpg,1,1179682.0,3A,1600,1200,186,1920000
Images/3A.jpg_files/GOOD/,3A_s0c0x6797-1600y4057-1200m35.jpg,1,1145122.0,3A,1600,1200,187,1920000
Images/3A.jpg_files/GOOD/,3A_s0c0x6797-1600y8375-1200m83.jpg,1,1230574.0,3A,1600,1200,188,1920000
Images/3A.jpg_files/GOOD/,3A_s0c0x6798-1600y10545-1200m107.jpg,1,1239084.0,3A,1600,1200,189,1920000
Images/3A.jpg_files/GOOD/,3A_s0c0x6798-1600y6211-1200m59.jpg,1,1178818.0,3A,1600,1200,190,1920000
Images/3A.jpg_files/GOOD/,3A_s0c0x6799-1600y5133-1200m47.jpg,1,1121644.0,3A,1600,1200,191,1920000
Images/3A.jpg_files/GOOD/,3A_s0c0x6803-1600y15929-1200m165.jpg,1,1178239.0,3A,1600,1200,192,1920000
Images/3A.jpg_files/GOOD/,3A_s0c0x6803-1600y1911-1200m14.jpg,1,1010478.0,3A,1600,1200,193,1920000
Images/3A.jpg_files/GOOD/,3A_s0c0x6803-1600y2984-1200m24.jpg,1,1062027.0,3A,1600,1200,194,1920000
Images/3A.jpg_files/GOOD/,3A_s0c0x6803-1600y9463-1200m95.jpg,1,1201327.0,3A,1600,1200,195,1920000
Images/3A.jpg_files/GOOD/,3A_s0c0x6805-1600y7291-1200m71.jpg,1,1190124.0,3A,1600,1200,196,1920000
Images/3A.jpg_files/GOOD/,3A_s0c0x8235-1600y15929-1200m166.jpg,1,1218192.0,3A,1600,1200,197,1920000
Images/3A.jpg_files/GOOD/,3A_s0c0x8235-1600y6211-1200m60.jpg,1,1107082.0,3A,1600,1200,198,1920000
Images/3A.jpg_files/GOOD/,3A_s0c0x8235-1600y7292-1200m72.jpg,1,1174160.0,3A,1600,1200,199,1920000
Images/3A.jpg_files/GOOD/,3A_s0c0x8235-1600y8377-1200m84.jpg,1,1103472.0,3A,1600,1200,200,1920000
Images/3A.jpg_files/GOOD/,3A_s0c0x8237-1600y10547-1200m108.jpg,1,1221521.0,3A,1600,1200,201,1920000
Images/3A.jpg_files/GOOD/,3A_s0c0x8237-1600y11627-1200m120.jpg,1,1231521.0,3A,1600,1200,202,1920000
Images/3A.jpg_files/GOOD/,3A_s0c0x8237-1600y13779-1200m144.jpg,1,1201234.0,3A,1600,1200,203,1920000
Images/3A.jpg_files/GOOD/,3A_s0c0x8237-1600y4058-1200m36.jpg,1,1049266.0,3A,1600,1200,204,1920000
Images/3A.jpg_files/GOOD/,3A_s0c0x8238-1600y5133-1200m48.jpg,1,1017002.0,3A,1600,1200,205,1920000
Images/3A.jpg_files/GOOD/,3A_s0c0x8239-1600y14852-1200m156.jpg,1,1238020.0,3A,1600,1200,206,1920000
Images/3A.jpg_files/GOOD/,3A_s0c0x8241-1600y12705-1200m132.jpg,1,1197971.0,3A,1600,1200,207,1920000
Images/3A.jpg_files/GOOD/,3A_s0c0x8241-1600y1912-1200m15.jpg,1,1117648.0,3A,1600,1200,208,1920000
Images/3A.jpg_files/GOOD/,3A_s0c0x8241-1600y2985-1200m25.jpg,1,1062008.0,3A,1600,1200,209,1920000
Images/3A.jpg_files/GOOD/,3A_s0c0x8241-1600y9465-1200m96.jpg,1,1190202.0,3A,1600,1200,210,1920000
Images/3A.jpg_files/GOOD/,3A_s0c0x9677-1600y12706-1200m133.jpg,1,1183483.0,3A,1600,1200,211,1920000
Images/3A.jpg_files/GOOD/,3A_s0c0x9677-1600y14853-1200m157.jpg,1,1186728.0,3A,1600,1200,212,1920000
Images/3A.jpg_files/GOOD/,3A_s0c0x9677-1600y5133-1200m49.jpg,1,1054872.0,3A,1600,1200,213,1920000
Images/3A.jpg_files/GOOD/,3A_s0c0x9679-1600y9466-1200m97.jpg,1,1035834.0,3A,1600,1200,214,1920000
Images/3A.jpg_files/GOOD/,3A_s0c0x9681-1600y2986-1200m26.jpg,1,1057369.0,3A,1600,1200,215,1920000
Images/3A.jpg_files/GOOD/,3A_s0c0x9681-1600y4059-1200m37.jpg,1,1042620.0,3A,1600,1200,216,1920000
Images/3A.jpg_files/GOOD/,3A_s0c0x9681-1600y7293-1200m73.jpg,1,1055452.0,3A,1600,1200,217,1920000
Images/3A.jpg_files/GOOD/,3A_s0c0x9681-1600y8379-1200m85.jpg,1,1105211.0,3A,1600,1200,218,1920000
Images/3A.jpg_files/GOOD/,3A_s0c0x9685-1600y15930-1200m167.jpg,1,1155489.0,3A,1600,1200,219,1920000
Images/3A.jpg_files/GOOD/,3A_s0c0x9685-1600y6212-1200m61.jpg,1,1157835.0,3A,1600,1200,220,1920000
Images/3A.jpg_files/GOOD/,3A_s0c0x9687-1600y10549-1200m109.jpg,1,1109435.0,3A,1600,1200,221,1920000
Images/3A.jpg_files/GOOD/,3A_s0c0x9687-1600y1913-1200m16.jpg,1,961910.0,3A,1600,1200,222,1920000
Images/3A.jpg_files/GOOD/,3A_s0c0x9688-1600y11629-1200m121.jpg,1,1221079.0,3A,1600,1200,223,1920000
Images/3A.jpg_files/GOOD/,3A_s0c0x9688-1600y13781-1200m145.jpg,1,1175056.0,3A,1600,1200,224,1920000
Images/3A.jpg_files/BAD/,3A_s0c0x0-1210y5130-1200m42.jpg,0,36932.0,3A,1210,1200,225,1452000
Images/3A.jpg_files/BAD/,3A_s0c0x0-1211y14852-1200m150.jpg,0,384810.0,3A,1211,1200,226,1453200
Images/3A.jpg_files/BAD/,3A_s0c0x0-1213y13779-1200m138.jpg,0,404571.0,3A,1213,1200,227,1455600
Images/3A.jpg_files/BAD/,3A_s0c0x0-1217y8374-1200m78.jpg,0,437030.0,3A,1217,1200,228,1460400
Images/3A.jpg_files/BAD/,3A_s0c0x0-1218y10545-1200m102.jpg,0,598127.0,3A,1218,1200,229,1461600
Images/3A.jpg_files/BAD/,3A_s0c0x0-1218y11625-1200m114.jpg,0,468738.0,3A,1218,1200,230,1461600
Images/3A.jpg_files/BAD/,3A_s0c0x0-1218y6208-1200m54.jpg,0,46822.0,3A,1218,1200,231,1461600
Images/3A.jpg_files/BAD/,3A_s0c0x0-1219y12703-1200m126.jpg,0,423452.0,3A,1219,1200,232,1462800
Images/3A.jpg_files/BAD/,3A_s0c0x0-1219y4061-1200m30.jpg,0,32575.0,3A,1219,1200,233,1462800
Images/3A.jpg_files/BAD/,3A_s0c0x0-1219y9463-1200m90.jpg,0,648660.0,3A,1219,1200,234,1462800
Images/3A.jpg_files/BAD/,3A_s0c0x0-1220y2988-1200m19.jpg,0,31671.0,3A,1220,1200,235,1464000
Images/3A.jpg_files/BAD/,3A_s0c0x0-1231y7289-1200m66.jpg,0,76112.0,3A,1231,1200,236,1477200
Images/3A.jpg_files/BAD/,3A_s0c0x1047-1600y15929-1200m161.jpg,0,526127.0,3A,1600,1200,237,1920000
Images/3A.jpg_files/BAD/,3A_s0c0x1049-1600y13779-1200m139.jpg,0,607444.0,3A,1600,1200,238,1920000
Images/3A.jpg_files/BAD/,3A_s0c0x1056-1600y7289-1200m67.jpg,0,560733.0,3A,1600,1200,239,1920000
Images/3A.jpg_files/BAD/,3A_s0c0x1057-1600y11625-1200m115.jpg,0,1056252.0,3A,1600,1200,240,1920000
Images/3A.jpg_files/BAD/,3A_s0c0x1057-1600y12703-1200m127.jpg,0,658594.0,3A,1600,1200,241,1920000
Images/3A.jpg_files/BAD/,3A_s0c0x1057-1600y14853-1200m151.jpg,0,507831.0,3A,1600,1200,242,1920000
Images/3A.jpg_files/BAD/,3A_s0c0x1058-1600y1920-1200m10.jpg,0,42149.0,3A,1600,1200,243,1920000
Images/3A.jpg_files/BAD/,3A_s0c0x1058-1600y2988-1200m20.jpg,0,37837.0,3A,1600,1200,244,1920000
Images/3A.jpg_files/BAD/,3A_s0c0x1058-1600y8374-1200m79.jpg,0,869613.0,3A,1600,1200,245,1920000
Images/3A.jpg_files/BAD/,3A_s0c0x1059-1600y6209-1200m55.jpg,0,423361.0,3A,1600,1200,246,1920000
Images/3A.jpg_files/BAD/,3A_s0c0x1061-1600y5131-1200m43.jpg,0,332521.0,3A,1600,1200,247,1920000
Images/3A.jpg_files/BAD/,3A_s0c0x1068-1600y4056-1200m31.jpg,0,251505.0,3A,1600,1200,248,1920000
Images/3A.jpg_files/BAD/,3A_s0c0x11121-1600y15931-1200m168.jpg,0,998732.0,3A,1600,1200,249,1920000
Images/3A.jpg_files/BAD/,3A_s0c0x11124-1600y1913-1200m17.jpg,0,352424.0,3A,1600,1200,250,1920000
Images/3A.jpg_files/BAD/,3A_s0c0x11125-1600y17011-1200m177.jpg,0,578516.0,3A,1600,1200,251,1920000
Images/3A.jpg_files/BAD/,3A_s0c0x11126-1600y839-1200m9.jpg,0,38842.0,3A,1600,1200,252,1920000
Images/3A.jpg_files/BAD/,3A_s0c0x12559-1600y15931-1200m169.jpg,0,679246.0,3A,1600,1200,253,1920000
Images/3A.jpg_files/BAD/,3A_s0c0x12559-1600y9467-1200m99.jpg,0,1053126.0,3A,1600,1200,254,1920000
Images/3A.jpg_files/BAD/,3A_s0c0x12561-1600y12707-1200m135.jpg,0,833919.0,3A,1600,1200,255,1920000
Images/3A.jpg_files/BAD/,3A_s0c0x12563-1600y17011-1200m178.jpg,0,543370.0,3A,1600,1200,256,1920000
Images/3A.jpg_files/BAD/,3A_s0c0x12564-1600y1924-1200m18.jpg,0,39706.0,3A,1600,1200,257,1920000
Images/3A.jpg_files/BAD/,3A_s0c0x12564-1600y2986-1200m28.jpg,0,516149.0,3A,1600,1200,258,1920000
Images/3A.jpg_files/BAD/,3A_s0c0x12565-1600y10549-1200m111.jpg,0,1096975.0,3A,1600,1200,259,1920000
Images/3A.jpg_files/BAD/,3A_s0c0x12565-1600y8379-1200m87.jpg,0,1082611.0,3A,1600,1200,260,1920000
Images/3A.jpg_files/BAD/,3A_s0c0x12567-1600y11629-1200m123.jpg,0,1102102.0,3A,1600,1200,261,1920000
Images/3A.jpg_files/BAD/,3A_s0c0x13993-1600y13781-1200m148.jpg,0,719681.0,3A,1600,1200,262,1920000
Images/3A.jpg_files/BAD/,3A_s0c0x13995-1600y14854-1200m160.jpg,0,502393.0,3A,1600,1200,263,1920000
Images/3A.jpg_files/BAD/,3A_s0c0x13996-1600y15931-1200m170.jpg,0,563468.0,3A,1600,1200,264,1920000
Images/3A.jpg_files/BAD/,3A_s0c0x13997-1600y4058-1200m40.jpg,0,314299.0,3A,1600,1200,265,1920000
Images/3A.jpg_files/BAD/,3A_s0c0x14000-1600y10548-1200m112.jpg,0,927696.0,3A,1600,1200,266,1920000
Images/3A.jpg_files/BAD/,3A_s0c0x14001-1600y6212-1200m64.jpg,0,940079.0,3A,1600,1200,267,1920000
Images/3A.jpg_files/BAD/,3A_s0c0x14002-1600y2985-1200m29.jpg,0,44158.0,3A,1600,1200,268,1920000
Images/3A.jpg_files/BAD/,3A_s0c0x14003-1600y9466-1200m100.jpg,0,758173.0,3A,1600,1200,269,1920000
Images/3A.jpg_files/BAD/,3A_s0c0x15435-1600y11629-1200m125.jpg,0,445351.0,3A,1600,1200,270,1920000
Images/3A.jpg_files/BAD/,3A_s0c0x15438-1600y4065-1200m41.jpg,0,47938.0,3A,1600,1200,271,1920000
Images/3A.jpg_files/BAD/,3A_s0c0x15439-1600y10550-1200m113.jpg,0,516785.0,3A,1600,1200,272,1920000
Images/3A.jpg_files/BAD/,3A_s0c0x15439-1600y12707-1200m137.jpg,0,215660.0,3A,1600,1200,273,1920000
Images/3A.jpg_files/BAD/,3A_s0c0x15439-1600y6213-1200m65.jpg,0,257257.0,3A,1600,1200,274,1920000
Images/3A.jpg_files/BAD/,3A_s0c0x15442-1600y5134-1200m53.jpg,0,62154.0,3A,1600,1200,275,1920000
Images/3A.jpg_files/BAD/,3A_s0c0x15443-1600y8380-1200m89.jpg,0,639595.0,3A,1600,1200,276,1920000
Images/3A.jpg_files/BAD/,3A_s0c0x15445-1600y13782-1200m149.jpg,0,51533.0,3A,1600,1200,277,1920000
Images/3A.jpg_files/BAD/,3A_s0c0x15447-1600y7294-1200m77.jpg,0,547639.0,3A,1600,1200,278,1920000
Images/3A.jpg_files/BAD/,3A_s0c0x15452-1600y9468-1200m101.jpg,0,531583.0,3A,1600,1200,279,1920000
Images/3A.jpg_files/BAD/,3A_s0c0x2489-1600y13778-1200m140.jpg,0,866221.0,3A,1600,1200,280,1920000
Images/3A.jpg_files/BAD/,3A_s0c0x2489-1600y17009-1200m171.jpg,0,485939.0,3A,1600,1200,281,1920000
Images/3A.jpg_files/BAD/,3A_s0c0x2490-1600y10545-1200m104.jpg,0,883870.0,3A,1600,1200,282,1920000
Images/3A.jpg_files/BAD/,3A_s0c0x2490-1600y15929-1200m162.jpg,0,548440.0,3A,1600,1200,283,1920000
Images/3A.jpg_files/BAD/,3A_s0c0x2491-1600y1910-1200m11.jpg,0,103243.0,3A,1600,1200,284,1920000
Images/3A.jpg_files/BAD/,3A_s0c0x2492-1600y11625-1200m116.jpg,0,916648.0,3A,1600,1200,285,1920000
Images/3A.jpg_files/BAD/,3A_s0c0x2493-1600y6209-1200m56.jpg,0,741514.0,3A,1600,1200,286,1920000
Images/3A.jpg_files/BAD/,3A_s0c0x2493-1600y8374-1200m80.jpg,0,697682.0,3A,1600,1200,287,1920000
Images/3A.jpg_files/BAD/,3A_s0c0x2495-1600y14852-1200m152.jpg,0,730746.0,3A,1600,1200,288,1920000
Images/3A.jpg_files/BAD/,3A_s0c0x2495-1600y2983-1200m21.jpg,0,580032.0,3A,1600,1200,289,1920000
Images/3A.jpg_files/BAD/,3A_s0c0x2496-1600y12703-1200m128.jpg,0,781255.0,3A,1600,1200,290,1920000
Images/3A.jpg_files/BAD/,3A_s0c0x2496-1600y836-1200m3.jpg,0,39828.0,3A,1600,1200,291,1920000
Images/3A.jpg_files/BAD/,3A_s0c0x2499-1600y5131-1200m44.jpg,0,729266.0,3A,1600,1200,292,1920000
Images/3A.jpg_files/BAD/,3A_s0c0x2500-1600y4056-1200m32.jpg,0,786704.0,3A,1600,1200,293,1920000
Images/3A.jpg_files/BAD/,3A_s0c0x3925-1600y10543-1200m105.jpg,0,805940.0,3A,1600,1200,294,1920000
Images/3A.jpg_files/BAD/,3A_s0c0x3926-1600y7289-1200m69.jpg,0,664622.0,3A,1600,1200,295,1920000
Images/3A.jpg_files/BAD/,3A_s0c0x3928-1600y9461-1200m93.jpg,0,714958.0,3A,1600,1200,296,1920000
Images/3A.jpg_files/BAD/,3A_s0c0x3929-1600y8373-1200m81.jpg,0,429370.0,3A,1600,1200,297,1920000
Images/3A.jpg_files/BAD/,3A_s0c0x3933-1600y15927-1200m163.jpg,0,823710.0,3A,1600,1200,298,1920000
Images/3A.jpg_files/BAD/,3A_s0c0x3933-1600y1910-1200m12.jpg,0,536514.0,3A,1600,1200,299,1920000
Images/3A.jpg_files/BAD/,3A_s0c0x3934-1600y837-1200m4.jpg,0,42128.0,3A,1600,1200,300,1920000
Images/3A.jpg_files/BAD/,3A_s0c0x3937-1600y17008-1200m172.jpg,0,548782.0,3A,1600,1200,301,1920000
Images/3A.jpg_files/BAD/,3A_s0c0x5369-1600y17007-1200m173.jpg,0,630218.0,3A,1600,1200,302,1920000
Images/3A.jpg_files/BAD/,3A_s0c0x5370-1600y7289-1200m70.jpg,0,1076306.0,3A,1600,1200,303,1920000
Images/3A.jpg_files/BAD/,3A_s0c0x5371-1600y831-1200m5.jpg,0,165194.0,3A,1600,1200,304,1920000
Images/3A.jpg_files/BAD/,3A_s0c0x5373-1600y0-963m0.jpg,0,29146.0,3A,1600,963,305,1540800
Images/3A.jpg_files/BAD/,3A_s0c0x6799-1600y17008-1200m174.jpg,0,722323.0,3A,1600,1200,306,1920000
Images/3A.jpg_files/BAD/,3A_s0c0x6803-1600y832-1200m6.jpg,0,336006.0,3A,1600,1200,307,1920000
Images/3A.jpg_files/BAD/,3A_s0c0x6811-1600y0-964m1.jpg,0,30285.0,3A,1600,964,308,1542400
Images/3A.jpg_files/BAD/,3A_s0c0x6811-1600y18089-1200m179.jpg,0,523113.0,3A,1600,1200,309,1920000
Images/3A.jpg_files/BAD/,3A_s0c0x8233-1600y17009-1200m175.jpg,0,795649.0,3A,1600,1200,310,1920000
Images/3A.jpg_files/BAD/,3A_s0c0x8243-1600y833-1200m7.jpg,0,379370.0,3A,1600,1200,311,1920000
Images/3A.jpg_files/BAD/,3A_s0c0x8249-1600y0-965m2.jpg,0,31587.0,3A,1600,965,312,1544000
Images/3A.jpg_files/BAD/,3A_s0c0x8257-1600y18090-1200m180.jpg,0,470863.0,3A,1600,1200,313,1920000
Images/3A.jpg_files/BAD/,3A_s0c0x9681-1600y17010-1200m176.jpg,0,715787.0,3A,1600,1200,314,1920000
Images/3A.jpg_files/BAD/,3A_s0c0x9686-1600y834-1200m8.jpg,0,117888.0,3A,1600,1200,315,1920000
Images/3B.jpg_files/GOOD/,3B_s0c0x10216-1600y12595-1200m126.jpg,1,1212279.0,3B,1600,1200,316,1920000
Images/3B.jpg_files/GOOD/,3B_s0c0x10217-1600y8288-1200m82.jpg,1,1349098.0,3B,1600,1200,317,1920000
Images/3B.jpg_files/GOOD/,3B_s0c0x10218-1600y7209-1200m71.jpg,1,1274372.0,3B,1600,1200,318,1920000
Images/3B.jpg_files/GOOD/,3B_s0c0x10220-1600y3958-1200m38.jpg,1,1373888.0,3B,1600,1200,319,1920000
Images/3B.jpg_files/GOOD/,3B_s0c0x10222-1600y11516-1200m115.jpg,1,1176821.0,3B,1600,1200,320,1920000
Images/3B.jpg_files/GOOD/,3B_s0c0x10224-1600y5039-1200m49.jpg,1,1362892.0,3B,1600,1200,321,1920000
Images/3B.jpg_files/GOOD/,3B_s0c0x10224-1600y6125-1200m60.jpg,1,1359163.0,3B,1600,1200,322,1920000
Images/3B.jpg_files/GOOD/,3B_s0c0x10228-1600y2876-1200m27.jpg,1,1376337.0,3B,1600,1200,323,1920000
Images/3B.jpg_files/GOOD/,3B_s0c0x11642-1600y11517-1200m116.jpg,1,1321590.0,3B,1600,1200,324,1920000
Images/3B.jpg_files/GOOD/,3B_s0c0x11647-1600y10443-1200m105.jpg,1,1313534.0,3B,1600,1200,325,1920000
Images/3B.jpg_files/GOOD/,3B_s0c0x11648-1600y3959-1200m39.jpg,1,1268437.0,3B,1600,1200,326,1920000
Images/3B.jpg_files/GOOD/,3B_s0c0x11650-1600y5040-1200m50.jpg,1,1361667.0,3B,1600,1200,327,1920000
Images/3B.jpg_files/GOOD/,3B_s0c0x11651-1600y8289-1200m83.jpg,1,1331194.0,3B,1600,1200,328,1920000
Images/3B.jpg_files/GOOD/,3B_s0c0x11652-1600y6126-1200m61.jpg,1,1332365.0,3B,1600,1200,329,1920000
Images/3B.jpg_files/GOOD/,3B_s0c0x11653-1600y7209-1200m72.jpg,1,1330855.0,3B,1600,1200,330,1920000
Images/3B.jpg_files/GOOD/,3B_s0c0x142-1600y7205-1200m64.jpg,1,1146438.0,3B,1600,1200,331,1920000
Images/3B.jpg_files/GOOD/,3B_s0c0x1564-1600y10437-1200m98.jpg,1,1312596.0,3B,1600,1200,332,1920000
Images/3B.jpg_files/GOOD/,3B_s0c0x1564-1600y3954-1200m32.jpg,1,1080801.0,3B,1600,1200,333,1920000
Images/3B.jpg_files/GOOD/,3B_s0c0x1564-1600y6121-1200m54.jpg,1,1253900.0,3B,1600,1200,334,1920000
Images/3B.jpg_files/GOOD/,3B_s0c0x1565-1600y12591-1200m120.jpg,1,1283666.0,3B,1600,1200,335,1920000
Images/3B.jpg_files/GOOD/,3B_s0c0x1566-1600y11512-1200m109.jpg,1,1219423.0,3B,1600,1200,336,1920000
Images/3B.jpg_files/GOOD/,3B_s0c0x1566-1600y5035-1200m43.jpg,1,1117267.0,3B,1600,1200,337,1920000
Images/3B.jpg_files/GOOD/,3B_s0c0x1570-1600y8284-1200m76.jpg,1,1250251.0,3B,1600,1200,338,1920000
Images/3B.jpg_files/GOOD/,3B_s0c0x1571-1600y7205-1200m65.jpg,1,1407711.0,3B,1600,1200,339,1920000
Images/3B.jpg_files/GOOD/,3B_s0c0x1574-1600y9362-1200m87.jpg,1,1351160.0,3B,1600,1200,340,1920000
Images/3B.jpg_files/GOOD/,3B_s0c0x3004-1600y10438-1200m99.jpg,1,1399693.0,3B,1600,1200,341,1920000
Images/3B.jpg_files/GOOD/,3B_s0c0x3006-1600y12593-1200m121.jpg,1,1208345.0,3B,1600,1200,342,1920000
Images/3B.jpg_files/GOOD/,3B_s0c0x3008-1600y13672-1200m131.jpg,1,1257692.0,3B,1600,1200,343,1920000
Images/3B.jpg_files/GOOD/,3B_s0c0x3009-1600y11513-1200m110.jpg,1,1374306.0,3B,1600,1200,344,1920000
Images/3B.jpg_files/GOOD/,3B_s0c0x3010-1600y5036-1200m44.jpg,1,1327511.0,3B,1600,1200,345,1920000
Images/3B.jpg_files/GOOD/,3B_s0c0x3013-1600y6123-1200m55.jpg,1,1353195.0,3B,1600,1200,346,1920000
Images/3B.jpg_files/GOOD/,3B_s0c0x3014-1600y7206-1200m66.jpg,1,1339578.0,3B,1600,1200,347,1920000
Images/3B.jpg_files/GOOD/,3B_s0c0x3016-1600y9363-1200m88.jpg,1,1430249.0,3B,1600,1200,348,1920000
Images/3B.jpg_files/GOOD/,3B_s0c0x4445-1600y2873-1200m23.jpg,1,1398515.0,3B,1600,1200,349,1920000
Images/3B.jpg_files/GOOD/,3B_s0c0x4452-1600y12593-1200m122.jpg,1,983804.0,3B,1600,1200,350,1920000
Images/3B.jpg_files/GOOD/,3B_s0c0x4452-1600y1793-1200m14.jpg,1,1275790.0,3B,1600,1200,351,1920000
Images/3B.jpg_files/GOOD/,3B_s0c0x4452-1600y3955-1200m34.jpg,1,1349691.0,3B,1600,1200,352,1920000
Images/3B.jpg_files/GOOD/,3B_s0c0x4452-1600y8286-1200m78.jpg,1,1182762.0,3B,1600,1200,353,1920000
Images/3B.jpg_files/GOOD/,3B_s0c0x4456-1600y10439-1200m100.jpg,1,1376993.0,3B,1600,1200,354,1920000
Images/3B.jpg_files/GOOD/,3B_s0c0x4459-1600y7207-1200m67.jpg,1,1259728.0,3B,1600,1200,355,1920000
Images/3B.jpg_files/GOOD/,3B_s0c0x4462-1600y9364-1200m89.jpg,1,1303939.0,3B,1600,1200,356,1920000
Images/3B.jpg_files/GOOD/,3B_s0c0x4464-1600y11514-1200m111.jpg,1,1285133.0,3B,1600,1200,357,1920000
Images/3B.jpg_files/GOOD/,3B_s0c0x4464-1600y6123-1200m56.jpg,1,1381433.0,3B,1600,1200,358,1920000
Images/3B.jpg_files/GOOD/,3B_s0c0x4466-1600y5037-1200m45.jpg,1,1380467.0,3B,1600,1200,359,1920000
Images/3B.jpg_files/GOOD/,3B_s0c0x5890-1600y7207-1200m68.jpg,1,1417180.0,3B,1600,1200,360,1920000
Images/3B.jpg_files/GOOD/,3B_s0c0x5892-1600y10439-1200m101.jpg,1,1261455.0,3B,1600,1200,361,1920000
Images/3B.jpg_files/GOOD/,3B_s0c0x5893-1600y6124-1200m57.jpg,1,1408013.0,3B,1600,1200,362,1920000
Images/3B.jpg_files/GOOD/,3B_s0c0x5894-1600y13672-1200m133.jpg,1,1003529.0,3B,1600,1200,363,1920000
Images/3B.jpg_files/GOOD/,3B_s0c0x5896-1600y1793-1200m15.jpg,1,1256151.0,3B,1600,1200,364,1920000
Images/3B.jpg_files/GOOD/,3B_s0c0x5896-1600y5038-1200m46.jpg,1,1348500.0,3B,1600,1200,365,1920000
Images/3B.jpg_files/GOOD/,3B_s0c0x5897-1600y3955-1200m35.jpg,1,1317812.0,3B,1600,1200,366,1920000
Images/3B.jpg_files/GOOD/,3B_s0c0x5898-1600y12593-1200m123.jpg,1,1106123.0,3B,1600,1200,367,1920000
Images/3B.jpg_files/GOOD/,3B_s0c0x5898-1600y2872-1200m24.jpg,1,1298804.0,3B,1600,1200,368,1920000
Images/3B.jpg_files/GOOD/,3B_s0c0x5903-1600y11514-1200m112.jpg,1,1213093.0,3B,1600,1200,369,1920000
Images/3B.jpg_files/GOOD/,3B_s0c0x7335-1600y5037-1200m47.jpg,1,1350941.0,3B,1600,1200,370,1920000
Images/3B.jpg_files/GOOD/,3B_s0c0x7337-1600y10438-1200m102.jpg,1,1253462.0,3B,1600,1200,371,1920000
Images/3B.jpg_files/GOOD/,3B_s0c0x7340-1600y14753-1200m143.jpg,1,1142517.0,3B,1600,1200,372,1920000
Images/3B.jpg_files/GOOD/,3B_s0c0x7340-1600y3955-1200m36.jpg,1,1322685.0,3B,1600,1200,373,1920000
Images/3B.jpg_files/GOOD/,3B_s0c0x7343-1600y11513-1200m113.jpg,1,1266018.0,3B,1600,1200,374,1920000
Images/3B.jpg_files/GOOD/,3B_s0c0x7344-1600y2873-1200m25.jpg,1,1360603.0,3B,1600,1200,375,1920000
Images/3B.jpg_files/GOOD/,3B_s0c0x7345-1600y6123-1200m58.jpg,1,1284184.0,3B,1600,1200,376,1920000
Images/3B.jpg_files/GOOD/,3B_s0c0x7346-1600y12593-1200m124.jpg,1,1086335.0,3B,1600,1200,377,1920000
Images/3B.jpg_files/GOOD/,3B_s0c0x7346-1600y1793-1200m16.jpg,1,1311206.0,3B,1600,1200,378,1920000
Images/3B.jpg_files/GOOD/,3B_s0c0x7346-1600y9363-1200m91.jpg,1,1231256.0,3B,1600,1200,379,1920000
Images/3B.jpg_files/GOOD/,3B_s0c0x8784-1600y10439-1200m103.jpg,1,1209951.0,3B,1600,1200,380,1920000
Images/3B.jpg_files/GOOD/,3B_s0c0x8784-1600y1795-1200m17.jpg,1,1337205.0,3B,1600,1200,381,1920000
Images/3B.jpg_files/GOOD/,3B_s0c0x8784-1600y5037-1200m48.jpg,1,1297724.0,3B,1600,1200,382,1920000
Images/3B.jpg_files/GOOD/,3B_s0c0x8785-1600y3956-1200m37.jpg,1,1313079.0,3B,1600,1200,383,1920000
Images/3B.jpg_files/GOOD/,3B_s0c0x8789-1600y2874-1200m26.jpg,1,1346431.0,3B,1600,1200,384,1920000
Images/3B.jpg_files/GOOD/,3B_s0c0x8790-1600y11514-1200m114.jpg,1,1206682.0,3B,1600,1200,385,1920000
Images/3B.jpg_files/GOOD/,3B_s0c0x8790-1600y13673-1200m135.jpg,1,1014329.0,3B,1600,1200,386,1920000
Images/3B.jpg_files/GOOD/,3B_s0c0x8794-1600y12594-1200m125.jpg,1,1064332.0,3B,1600,1200,387,1920000
Images/3B.jpg_files/BAD/,3B_s0c0x0-286y9360-1200m85.jpg,0,10427.0,3B,286,1200,388,343200
Images/3B.jpg_files/BAD/,3B_s0c0x0-291y11511-1200m107.jpg,0,13167.0,3B,291,1200,389,349200
Images/3B.jpg_files/BAD/,3B_s0c0x0-291y13669-1200m128.jpg,0,13124.0,3B,291,1200,390,349200
Images/3B.jpg_files/BAD/,3B_s0c0x0-291y8282-1200m74.jpg,0,14057.0,3B,291,1200,391,349200
Images/3B.jpg_files/BAD/,3B_s0c0x0-292y12590-1200m118.jpg,0,13582.0,3B,292,1200,392,350400
Images/3B.jpg_files/BAD/,3B_s0c0x0-292y6119-1200m52.jpg,0,14877.0,3B,292,1200,393,350400
Images/3B.jpg_files/BAD/,3B_s0c0x0-293y5034-1200m41.jpg,0,19250.0,3B,293,1200,394,351600
Images/3B.jpg_files/BAD/,3B_s0c0x0-300y10436-1200m96.jpg,0,10244.0,3B,300,1200,395,360000
Images/3B.jpg_files/BAD/,3B_s0c0x0-309y3953-1200m30.jpg,0,14012.0,3B,309,1200,396,370800
Images/3B.jpg_files/BAD/,3B_s0c0x0-315y7205-1200m63.jpg,0,48959.0,3B,315,1200,397,378000
Images/3B.jpg_files/BAD/,3B_s0c0x10202-1600y14754-1200m145.jpg,0,84209.0,3B,1600,1200,398,1920000
Images/3B.jpg_files/BAD/,3B_s0c0x10209-1600y717-1200m10.jpg,0,58385.0,3B,1600,1200,399,1920000
Images/3B.jpg_files/BAD/,3B_s0c0x10212-1600y13674-1200m136.jpg,0,639686.0,3B,1600,1200,400,1920000
Images/3B.jpg_files/BAD/,3B_s0c0x10218-1600y1796-1200m18.jpg,0,720946.0,3B,1600,1200,401,1920000
Images/3B.jpg_files/BAD/,3B_s0c0x10220-1600y10441-1200m104.jpg,0,1196495.0,3B,1600,1200,402,1920000
Images/3B.jpg_files/BAD/,3B_s0c0x10227-1600y9365-1200m93.jpg,0,1251622.0,3B,1600,1200,403,1920000
Images/3B.jpg_files/BAD/,3B_s0c0x11637-1600y1797-1200m19.jpg,0,108155.0,3B,1600,1200,404,1920000
Images/3B.jpg_files/BAD/,3B_s0c0x11640-1600y12596-1200m127.jpg,0,857970.0,3B,1600,1200,405,1920000
Images/3B.jpg_files/BAD/,3B_s0c0x11644-1600y13675-1200m137.jpg,0,265558.0,3B,1600,1200,406,1920000
Images/3B.jpg_files/BAD/,3B_s0c0x11649-1600y2877-1200m28.jpg,0,743336.0,3B,1600,1200,407,1920000
Images/3B.jpg_files/BAD/,3B_s0c0x11652-1600y9367-1200m94.jpg,0,1230934.0,3B,1600,1200,408,1920000
Images/3B.jpg_files/BAD/,3B_s0c0x130-1600y13670-1200m129.jpg,0,130890.0,3B,1600,1200,409,1920000
Images/3B.jpg_files/BAD/,3B_s0c0x130-1600y6120-1200m53.jpg,0,780843.0,3B,1600,1200,410,1920000
Images/3B.jpg_files/BAD/,3B_s0c0x130-1600y8283-1200m75.jpg,0,938005.0,3B,1600,1200,411,1920000
Images/3B.jpg_files/BAD/,3B_s0c0x13074-1600y9367-1200m95.jpg,0,922575.0,3B,1600,1200,412,1920000
Images/3B.jpg_files/BAD/,3B_s0c0x13075-1600y6126-1200m62.jpg,0,948677.0,3B,1600,1200,413,1920000
Images/3B.jpg_files/BAD/,3B_s0c0x13076-1600y10443-1200m106.jpg,0,780780.0,3B,1600,1200,414,1920000
Images/3B.jpg_files/BAD/,3B_s0c0x13077-1600y8289-1200m84.jpg,0,961110.0,3B,1600,1200,415,1920000
Images/3B.jpg_files/BAD/,3B_s0c0x13078-1600y3959-1200m40.jpg,0,315151.0,3B,1600,1200,416,1920000
Images/3B.jpg_files/BAD/,3B_s0c0x13078-1600y5040-1200m51.jpg,0,603196.0,3B,1600,1200,417,1920000
Images/3B.jpg_files/BAD/,3B_s0c0x13078-1600y7209-1200m73.jpg,0,928315.0,3B,1600,1200,418,1920000
Images/3B.jpg_files/BAD/,3B_s0c0x13079-1600y11518-1200m117.jpg,0,423008.0,3B,1600,1200,419,1920000
Images/3B.jpg_files/BAD/,3B_s0c0x13087-1600y2878-1200m29.jpg,0,58361.0,3B,1600,1200,420,1920000
Images/3B.jpg_files/BAD/,3B_s0c0x131-1600y12591-1200m119.jpg,0,406660.0,3B,1600,1200,421,1920000
Images/3B.jpg_files/BAD/,3B_s0c0x132-1600y5034-1200m42.jpg,0,694517.0,3B,1600,1200,422,1920000
Images/3B.jpg_files/BAD/,3B_s0c0x133-1600y1793-1200m11.jpg,0,76079.0,3B,1600,1200,423,1920000
Images/3B.jpg_files/BAD/,3B_s0c0x134-1600y11511-1200m108.jpg,0,550743.0,3B,1600,1200,424,1920000
Images/3B.jpg_files/BAD/,3B_s0c0x137-1600y14752-1200m138.jpg,0,57652.0,3B,1600,1200,425,1920000
Images/3B.jpg_files/BAD/,3B_s0c0x138-1600y10437-1200m97.jpg,0,836810.0,3B,1600,1200,426,1920000
Images/3B.jpg_files/BAD/,3B_s0c0x141-1600y9361-1200m86.jpg,0,1048493.0,3B,1600,1200,427,1920000
Images/3B.jpg_files/BAD/,3B_s0c0x145-1600y2872-1200m20.jpg,0,138238.0,3B,1600,1200,428,1920000
Images/3B.jpg_files/BAD/,3B_s0c0x146-1600y3954-1200m31.jpg,0,367821.0,3B,1600,1200,429,1920000
Images/3B.jpg_files/BAD/,3B_s0c0x1572-1600y13671-1200m130.jpg,0,1005803.0,3B,1600,1200,430,1920000
Images/3B.jpg_files/BAD/,3B_s0c0x1575-1600y14752-1200m139.jpg,0,174687.0,3B,1600,1200,431,1920000
Images/3B.jpg_files/BAD/,3B_s0c0x1577-1600y1793-1200m12.jpg,0,300407.0,3B,1600,1200,432,1920000
Images/3B.jpg_files/BAD/,3B_s0c0x1580-1600y2872-1200m21.jpg,0,806247.0,3B,1600,1200,433,1920000
Images/3B.jpg_files/BAD/,3B_s0c0x1593-1600y716-1200m4.jpg,0,90642.0,3B,1600,1200,434,1920000
Images/3B.jpg_files/BAD/,3B_s0c0x2998-1600y3955-1200m33.jpg,0,1174380.0,3B,1600,1200,435,1920000
Images/3B.jpg_files/BAD/,3B_s0c0x3002-1600y2873-1200m22.jpg,0,1013571.0,3B,1600,1200,436,1920000
Images/3B.jpg_files/BAD/,3B_s0c0x3003-1600y1794-1200m13.jpg,0,943445.0,3B,1600,1200,437,1920000
Images/3B.jpg_files/BAD/,3B_s0c0x3004-1600y0-841m0.jpg,0,45191.0,3B,1600,841,438,1345600
Images/3B.jpg_files/BAD/,3B_s0c0x3008-1600y14753-1200m140.jpg,0,826424.0,3B,1600,1200,439,1920000
Images/3B.jpg_files/BAD/,3B_s0c0x3010-1600y15835-1164m146.jpg,0,79625.0,3B,1600,1164,440,1862400
Images/3B.jpg_files/BAD/,3B_s0c0x3016-1600y8285-1200m77.jpg,0,1168854.0,3B,1600,1200,441,1920000
Images/3B.jpg_files/BAD/,3B_s0c0x3024-1600y717-1200m5.jpg,0,184962.0,3B,1600,1200,442,1920000
Images/3B.jpg_files/BAD/,3B_s0c0x4440-1600y14753-1200m141.jpg,0,896941.0,3B,1600,1200,443,1920000
Images/3B.jpg_files/BAD/,3B_s0c0x4440-1600y715-1200m6.jpg,0,614701.0,3B,1600,1200,444,1920000
Images/3B.jpg_files/BAD/,3B_s0c0x4442-1600y0-841m1.jpg,0,50262.0,3B,1600,841,445,1345600
Images/3B.jpg_files/BAD/,3B_s0c0x4447-1600y13672-1200m132.jpg,0,987213.0,3B,1600,1200,446,1920000
Images/3B.jpg_files/BAD/,3B_s0c0x4450-1600y15836-1163m147.jpg,0,171984.0,3B,1600,1163,447,1860800
Images/3B.jpg_files/BAD/,3B_s0c0x5880-1600y0-841m2.jpg,0,46106.0,3B,1600,841,448,1345600
Images/3B.jpg_files/BAD/,3B_s0c0x5880-1600y715-1200m7.jpg,0,942283.0,3B,1600,1200,449,1920000
Images/3B.jpg_files/BAD/,3B_s0c0x5888-1600y8286-1200m79.jpg,0,1216115.0,3B,1600,1200,450,1920000
Images/3B.jpg_files/BAD/,3B_s0c0x5890-1600y15835-1164m148.jpg,0,463759.0,3B,1600,1164,451,1862400
Images/3B.jpg_files/BAD/,3B_s0c0x5891-1600y14753-1200m142.jpg,0,871697.0,3B,1600,1200,452,1920000
Images/3B.jpg_files/BAD/,3B_s0c0x5900-1600y9364-1200m90.jpg,0,1251034.0,3B,1600,1200,453,1920000
Images/3B.jpg_files/BAD/,3B_s0c0x7317-1600y15835-1164m149.jpg,0,422073.0,3B,1600,1164,454,1862400
Images/3B.jpg_files/BAD/,3B_s0c0x7318-1600y0-841m3.jpg,0,45402.0,3B,1600,841,455,1345600
Images/3B.jpg_files/BAD/,3B_s0c0x7326-1600y716-1200m8.jpg,0,786010.0,3B,1600,1200,456,1920000
Images/3B.jpg_files/BAD/,3B_s0c0x7340-1600y8285-1200m80.jpg,0,1100659.0,3B,1600,1200,457,1920000
Images/3B.jpg_files/BAD/,3B_s0c0x7344-1600y13672-1200m134.jpg,0,849603.0,3B,1600,1200,458,1920000
Images/3B.jpg_files/BAD/,3B_s0c0x7345-1600y7206-1200m69.jpg,0,1199241.0,3B,1600,1200,459,1920000
Images/3B.jpg_files/BAD/,3B_s0c0x8765-1600y15835-1164m150.jpg,0,83671.0,3B,1600,1164,460,1862400
Images/3B.jpg_files/BAD/,3B_s0c0x8770-1600y8286-1200m81.jpg,0,1032139.0,3B,1600,1200,461,1920000
Images/3B.jpg_files/BAD/,3B_s0c0x8772-1600y14754-1200m144.jpg,0,658828.0,3B,1600,1200,462,1920000
Images/3B.jpg_files/BAD/,3B_s0c0x8773-1600y717-1200m9.jpg,0,284252.0,3B,1600,1200,463,1920000
Images/3B.jpg_files/BAD/,3B_s0c0x8776-1600y7207-1200m70.jpg,0,985006.0,3B,1600,1200,464,1920000
Images/3B.jpg_files/BAD/,3B_s0c0x8786-1600y9363-1200m92.jpg,0,1217050.0,3B,1600,1200,465,1920000
Images/3B.jpg_files/BAD/,3B_s0c0x8790-1600y6123-1200m59.jpg,0,1227514.0,3B,1600,1200,466,1920000
Images/3C.jpg_files/GOOD/,3C_s0c0x10558-1600y14581-1200m149.jpg,1,1126805.0,3C,1600,1200,467,1920000
Images/3C.jpg_files/GOOD/,3C_s0c0x10558-1600y5966-1200m57.jpg,1,915213.0,3C,1600,1200,468,1920000
Images/3C.jpg_files/GOOD/,3C_s0c0x11992-1600y11353-1200m118.jpg,1,969384.0,3C,1600,1200,469,1920000
Images/3C.jpg_files/GOOD/,3C_s0c0x11995-1600y9195-1200m95.jpg,1,913750.0,3C,1600,1200,470,1920000
Images/3C.jpg_files/GOOD/,3C_s0c0x11996-1600y12432-1200m129.jpg,1,1054171.0,3C,1600,1200,471,1920000
Images/3C.jpg_files/GOOD/,3C_s0c0x12003-1600y13506-1200m140.jpg,1,1133016.0,3C,1600,1200,472,1920000
Images/3C.jpg_files/GOOD/,3C_s0c0x13440-1600y11353-1200m119.jpg,1,1160077.0,3C,1600,1200,473,1920000
Images/3C.jpg_files/GOOD/,3C_s0c0x13440-1600y12432-1200m130.jpg,1,1231834.0,3C,1600,1200,474,1920000
Images/3C.jpg_files/GOOD/,3C_s0c0x1940-1600y11350-1200m111.jpg,1,922200.0,3C,1600,1200,475,1920000
Images/3C.jpg_files/GOOD/,3C_s0c0x3352-1600y4888-1200m40.jpg,1,1168071.0,3C,1600,1200,476,1920000
Images/3C.jpg_files/GOOD/,3C_s0c0x3356-1600y13504-1200m134.jpg,1,948659.0,3C,1600,1200,477,1920000
Images/3C.jpg_files/GOOD/,3C_s0c0x3359-1600y2730-1200m18.jpg,1,915894.0,3C,1600,1200,478,1920000
Images/3C.jpg_files/GOOD/,3C_s0c0x3359-1600y3811-1200m28.jpg,1,1219232.0,3C,1600,1200,479,1920000
Images/3C.jpg_files/GOOD/,3C_s0c0x3362-1600y11351-1200m112.jpg,1,1002080.0,3C,1600,1200,480,1920000
Images/3C.jpg_files/GOOD/,3C_s0c0x3364-1600y12430-1200m123.jpg,1,1078509.0,3C,1600,1200,481,1920000
Images/3C.jpg_files/GOOD/,3C_s0c0x4790-1600y10272-1200m102.jpg,1,1189237.0,3C,1600,1200,482,1920000
Images/3C.jpg_files/GOOD/,3C_s0c0x4790-1600y9192-1200m90.jpg,1,1097087.0,3C,1600,1200,483,1920000
Images/3C.jpg_files/GOOD/,3C_s0c0x4791-1600y4890-1200m41.jpg,1,989159.0,3C,1600,1200,484,1920000
Images/3C.jpg_files/GOOD/,3C_s0c0x4792-1600y11352-1200m113.jpg,1,1085688.0,3C,1600,1200,485,1920000
Images/3C.jpg_files/GOOD/,3C_s0c0x4793-1600y5964-1200m53.jpg,1,962769.0,3C,1600,1200,486,1920000
Images/3C.jpg_files/GOOD/,3C_s0c0x4794-1600y14580-1200m145.jpg,1,955949.0,3C,1600,1200,487,1920000
Images/3C.jpg_files/GOOD/,3C_s0c0x6220-1600y10272-1200m103.jpg,1,1227266.0,3C,1600,1200,488,1920000
Images/3C.jpg_files/GOOD/,3C_s0c0x6226-1600y12431-1200m125.jpg,1,1222224.0,3C,1600,1200,489,1920000
Images/3C.jpg_files/GOOD/,3C_s0c0x6226-1600y13506-1200m136.jpg,1,1142694.0,3C,1600,1200,490,1920000
Images/3C.jpg_files/GOOD/,3C_s0c0x6229-1600y1646-1200m11.jpg,1,1050807.0,3C,1600,1200,491,1920000
Images/3C.jpg_files/GOOD/,3C_s0c0x6230-1600y11352-1200m114.jpg,1,1185873.0,3C,1600,1200,492,1920000
Images/3C.jpg_files/GOOD/,3C_s0c0x6232-1600y9192-1200m91.jpg,1,1154538.0,3C,1600,1200,493,1920000
Images/3C.jpg_files/GOOD/,3C_s0c0x6233-1600y14580-1200m146.jpg,1,1169495.0,3C,1600,1200,494,1920000
Images/3C.jpg_files/GOOD/,3C_s0c0x7664-1600y5964-1200m55.jpg,1,902001.0,3C,1600,1200,495,1920000
Images/3C.jpg_files/GOOD/,3C_s0c0x7665-1600y11352-1200m115.jpg,1,1212017.0,3C,1600,1200,496,1920000
Images/3C.jpg_files/GOOD/,3C_s0c0x7665-1600y7039-1200m67.jpg,1,939818.0,3C,1600,1200,497,1920000
Images/3C.jpg_files/GOOD/,3C_s0c0x7665-1600y9193-1200m92.jpg,1,1179488.0,3C,1600,1200,498,1920000
Images/3C.jpg_files/GOOD/,3C_s0c0x7666-1600y10272-1200m104.jpg,1,1213725.0,3C,1600,1200,499,1920000
Images/3C.jpg_files/GOOD/,3C_s0c0x7667-1600y12432-1200m126.jpg,1,1130831.0,3C,1600,1200,500,1920000
Images/3C.jpg_files/GOOD/,3C_s0c0x7667-1600y8114-1200m80.jpg,1,1038937.0,3C,1600,1200,501,1920000
Images/3C.jpg_files/GOOD/,3C_s0c0x9107-1600y4892-1200m44.jpg,1,1017440.0,3C,1600,1200,502,1920000
Images/3C.jpg_files/GOOD/,3C_s0c0x9108-1600y8115-1200m81.jpg,1,1112564.0,3C,1600,1200,503,1920000
Images/3C.jpg_files/GOOD/,3C_s0c0x9110-1600y5966-1200m56.jpg,1,1232660.0,3C,1600,1200,504,1920000
Images/3C.jpg_files/GOOD/,3C_s0c0x9112-1600y10274-1200m105.jpg,1,1162442.0,3C,1600,1200,505,1920000
Images/3C.jpg_files/GOOD/,3C_s0c0x9113-1600y7040-1200m68.jpg,1,1236945.0,3C,1600,1200,506,1920000
Images/3C.jpg_files/GOOD/,3C_s0c0x9114-1600y11353-1200m116.jpg,1,1170032.0,3C,1600,1200,507,1920000
Images/3C.jpg_files/GOOD/,3C_s0c0x9114-1600y12432-1200m127.jpg,1,1130783.0,3C,1600,1200,508,1920000
Images/3C.jpg_files/GOOD/,3C_s0c0x9114-1600y9194-1200m93.jpg,1,1158360.0,3C,1600,1200,509,1920000
Images/3C.jpg_files/BAD/,3C_s0c0x0-659y7037-1200m61.jpg,0,26444.0,3C,659,1200,510,790800
Images/3C.jpg_files/BAD/,3C_s0c0x0-660y4887-1200m37.jpg,0,19206.0,3C,660,1200,511,792000
Images/3C.jpg_files/BAD/,3C_s0c0x0-660y8111-1200m74.jpg,0,21984.0,3C,660,1200,512,792000
Images/3C.jpg_files/BAD/,3C_s0c0x0-661y5961-1200m49.jpg,0,26825.0,3C,661,1200,513,793200
Images/3C.jpg_files/BAD/,3C_s0c0x10546-1600y2733-1200m23.jpg,0,505052.0,3C,1600,1200,514,1920000
Images/3C.jpg_files/BAD/,3C_s0c0x10551-1600y11353-1200m117.jpg,0,859531.0,3C,1600,1200,515,1920000
Images/3C.jpg_files/BAD/,3C_s0c0x10552-1600y12432-1200m128.jpg,0,626720.0,3C,1600,1200,516,1920000
Images/3C.jpg_files/BAD/,3C_s0c0x10552-1600y9194-1200m94.jpg,0,450491.0,3C,1600,1200,517,1920000
Images/3C.jpg_files/BAD/,3C_s0c0x10554-1600y3814-1200m33.jpg,0,560107.0,3C,1600,1200,518,1920000
Images/3C.jpg_files/BAD/,3C_s0c0x10556-1600y15657-1200m157.jpg,0,528658.0,3C,1600,1200,519,1920000
Images/3C.jpg_files/BAD/,3C_s0c0x10558-1600y1648-1200m14.jpg,0,208564.0,3C,1600,1200,520,1920000
Images/3C.jpg_files/BAD/,3C_s0c0x10558-1600y4892-1200m45.jpg,0,882091.0,3C,1600,1200,521,1920000
Images/3C.jpg_files/BAD/,3C_s0c0x10558-1600y8116-1200m82.jpg,0,383798.0,3C,1600,1200,522,1920000
Images/3C.jpg_files/BAD/,3C_s0c0x10560-1600y10274-1200m106.jpg,0,693569.0,3C,1600,1200,523,1920000
Images/3C.jpg_files/BAD/,3C_s0c0x10562-1600y13506-1200m139.jpg,0,436140.0,3C,1600,1200,524,1920000
Images/3C.jpg_files/BAD/,3C_s0c0x10562-1600y553-1200m7.jpg,0,44008.0,3C,1600,1200,525,1920000
Images/3C.jpg_files/BAD/,3C_s0c0x10562-1600y7040-1200m69.jpg,0,673459.0,3C,1600,1200,526,1920000
Images/3C.jpg_files/BAD/,3C_s0c0x11992-1600y2734-1200m24.jpg,0,334812.0,3C,1600,1200,527,1920000
Images/3C.jpg_files/BAD/,3C_s0c0x11996-1600y1652-1200m15.jpg,0,48142.0,3C,1600,1200,528,1920000
Images/3C.jpg_files/BAD/,3C_s0c0x11996-1600y5966-1200m58.jpg,0,481806.0,3C,1600,1200,529,1920000
Images/3C.jpg_files/BAD/,3C_s0c0x11998-1600y14581-1200m150.jpg,0,894815.0,3C,1600,1200,530,1920000
Images/3C.jpg_files/BAD/,3C_s0c0x11999-1600y15657-1200m158.jpg,0,91152.0,3C,1600,1200,531,1920000
Images/3C.jpg_files/BAD/,3C_s0c0x12003-1600y10274-1200m107.jpg,0,874494.0,3C,1600,1200,532,1920000
Images/3C.jpg_files/BAD/,3C_s0c0x12003-1600y4892-1200m46.jpg,0,617109.0,3C,1600,1200,533,1920000
Images/3C.jpg_files/BAD/,3C_s0c0x12003-1600y7040-1200m70.jpg,0,553744.0,3C,1600,1200,534,1920000
Images/3C.jpg_files/BAD/,3C_s0c0x12004-1600y3815-1200m34.jpg,0,479282.0,3C,1600,1200,535,1920000
Images/3C.jpg_files/BAD/,3C_s0c0x12004-1600y8116-1200m83.jpg,0,589820.0,3C,1600,1200,536,1920000
Images/3C.jpg_files/BAD/,3C_s0c0x13436-1600y9195-1200m96.jpg,0,312198.0,3C,1600,1200,537,1920000
Images/3C.jpg_files/BAD/,3C_s0c0x13438-1600y2735-1200m25.jpg,0,168187.0,3C,1600,1200,538,1920000
Images/3C.jpg_files/BAD/,3C_s0c0x13438-1600y5967-1200m59.jpg,0,468195.0,3C,1600,1200,539,1920000
Images/3C.jpg_files/BAD/,3C_s0c0x13444-1600y14581-1200m151.jpg,0,175503.0,3C,1600,1200,540,1920000
Images/3C.jpg_files/BAD/,3C_s0c0x13445-1600y13506-1200m141.jpg,0,898696.0,3C,1600,1200,541,1920000
Images/3C.jpg_files/BAD/,3C_s0c0x13447-1600y7041-1200m71.jpg,0,527709.0,3C,1600,1200,542,1920000
Images/3C.jpg_files/BAD/,3C_s0c0x13447-1600y8117-1200m84.jpg,0,222678.0,3C,1600,1200,543,1920000
Images/3C.jpg_files/BAD/,3C_s0c0x13448-1600y10274-1200m108.jpg,0,886147.0,3C,1600,1200,544,1920000
Images/3C.jpg_files/BAD/,3C_s0c0x13448-1600y4894-1200m47.jpg,0,531290.0,3C,1600,1200,545,1920000
Images/3C.jpg_files/BAD/,3C_s0c0x13452-1600y3816-1200m35.jpg,0,543656.0,3C,1600,1200,546,1920000
Images/3C.jpg_files/BAD/,3C_s0c0x14887-1600y11353-1200m120.jpg,0,754221.0,3C,1600,1200,547,1920000
Images/3C.jpg_files/BAD/,3C_s0c0x14887-1600y12432-1200m131.jpg,0,451602.0,3C,1600,1200,548,1920000
Images/3C.jpg_files/BAD/,3C_s0c0x14887-1600y9195-1200m97.jpg,0,1019490.0,3C,1600,1200,549,1920000
Images/3C.jpg_files/BAD/,3C_s0c0x14890-1600y7042-1200m72.jpg,0,469199.0,3C,1600,1200,550,1920000
Images/3C.jpg_files/BAD/,3C_s0c0x14892-1600y5968-1200m60.jpg,0,267942.0,3C,1600,1200,551,1920000
Images/3C.jpg_files/BAD/,3C_s0c0x14892-1600y8117-1200m85.jpg,0,679243.0,3C,1600,1200,552,1920000
Images/3C.jpg_files/BAD/,3C_s0c0x14894-1600y13506-1200m142.jpg,0,67321.0,3C,1600,1200,553,1920000
Images/3C.jpg_files/BAD/,3C_s0c0x14895-1600y3816-1200m36.jpg,0,70024.0,3C,1600,1200,554,1920000
Images/3C.jpg_files/BAD/,3C_s0c0x14896-1600y10274-1200m109.jpg,0,837280.0,3C,1600,1200,555,1920000
Images/3C.jpg_files/BAD/,3C_s0c0x14896-1600y4894-1200m48.jpg,0,275963.0,3C,1600,1200,556,1920000
Images/3C.jpg_files/BAD/,3C_s0c0x16327-1600y7042-1200m73.jpg,0,89246.0,3C,1600,1200,557,1920000
Images/3C.jpg_files/BAD/,3C_s0c0x16336-1600y9196-1200m98.jpg,0,121473.0,3C,1600,1200,558,1920000
Images/3C.jpg_files/BAD/,3C_s0c0x16338-1600y8118-1200m86.jpg,0,168189.0,3C,1600,1200,559,1920000
Images/3C.jpg_files/BAD/,3C_s0c0x1919-1600y14577-1200m143.jpg,0,68481.0,3C,1600,1200,560,1920000
Images/3C.jpg_files/BAD/,3C_s0c0x1919-1600y2729-1200m17.jpg,0,234644.0,3C,1600,1200,561,1920000
Images/3C.jpg_files/BAD/,3C_s0c0x1921-1600y3810-1200m27.jpg,0,785877.0,3C,1600,1200,562,1920000
Images/3C.jpg_files/BAD/,3C_s0c0x1924-1600y12429-1200m122.jpg,0,643601.0,3C,1600,1200,563,1920000
Images/3C.jpg_files/BAD/,3C_s0c0x1924-1600y13503-1200m133.jpg,0,265377.0,3C,1600,1200,564,1920000
Images/3C.jpg_files/BAD/,3C_s0c0x1924-1600y5962-1200m51.jpg,0,412278.0,3C,1600,1200,565,1920000
Images/3C.jpg_files/BAD/,3C_s0c0x1926-1600y7037-1200m63.jpg,0,434656.0,3C,1600,1200,566,1920000
Images/3C.jpg_files/BAD/,3C_s0c0x1926-1600y8112-1200m76.jpg,0,412104.0,3C,1600,1200,567,1920000
Images/3C.jpg_files/BAD/,3C_s0c0x1928-1600y1627-1200m8.jpg,0,43532.0,3C,1600,1200,568,1920000
Images/3C.jpg_files/BAD/,3C_s0c0x1929-1600y4888-1200m39.jpg,0,867437.0,3C,1600,1200,569,1920000
Images/3C.jpg_files/BAD/,3C_s0c0x1940-1600y10271-1200m100.jpg,0,927180.0,3C,1600,1200,570,1920000
Images/3C.jpg_files/BAD/,3C_s0c0x1943-1600y9192-1200m88.jpg,0,383014.0,3C,1600,1200,571,1920000
Images/3C.jpg_files/BAD/,3C_s0c0x3350-1600y8113-1200m77.jpg,0,378982.0,3C,1600,1200,572,1920000
Images/3C.jpg_files/BAD/,3C_s0c0x3352-1600y5962-1200m52.jpg,0,975045.0,3C,1600,1200,573,1920000
Images/3C.jpg_files/BAD/,3C_s0c0x3354-1600y14579-1200m144.jpg,0,576760.0,3C,1600,1200,574,1920000
Images/3C.jpg_files/BAD/,3C_s0c0x3355-1600y7038-1200m64.jpg,0,585379.0,3C,1600,1200,575,1920000
Images/3C.jpg_files/BAD/,3C_s0c0x3358-1600y559-1200m2.jpg,0,44029.0,3C,1600,1200,576,1920000
Images/3C.jpg_files/BAD/,3C_s0c0x3359-1600y9192-1200m89.jpg,0,573678.0,3C,1600,1200,577,1920000
Images/3C.jpg_files/BAD/,3C_s0c0x3362-1600y10272-1200m101.jpg,0,855837.0,3C,1600,1200,578,1920000
Images/3C.jpg_files/BAD/,3C_s0c0x3364-1600y1646-1200m9.jpg,0,214701.0,3C,1600,1200,579,1920000
Images/3C.jpg_files/BAD/,3C_s0c0x3367-1600y15655-1200m152.jpg,0,47975.0,3C,1600,1200,580,1920000
Images/3C.jpg_files/BAD/,3C_s0c0x4788-1600y7038-1200m65.jpg,0,1024365.0,3C,1600,1200,581,1920000
Images/3C.jpg_files/BAD/,3C_s0c0x479-1600y2728-1200m16.jpg,0,54233.0,3C,1600,1200,582,1920000
Images/3C.jpg_files/BAD/,3C_s0c0x479-1600y3809-1200m26.jpg,0,57191.0,3C,1600,1200,583,1920000
Images/3C.jpg_files/BAD/,3C_s0c0x4790-1600y12431-1200m124.jpg,0,879009.0,3C,1600,1200,584,1920000
Images/3C.jpg_files/BAD/,3C_s0c0x4790-1600y16733-914m159.jpg,0,33253.0,3C,1600,914,585,1462400
Images/3C.jpg_files/BAD/,3C_s0c0x4791-1600y8114-1200m78.jpg,0,897782.0,3C,1600,1200,586,1920000
Images/3C.jpg_files/BAD/,3C_s0c0x4793-1600y2730-1200m19.jpg,0,971911.0,3C,1600,1200,587,1920000
Images/3C.jpg_files/BAD/,3C_s0c0x4793-1600y3811-1200m29.jpg,0,1110688.0,3C,1600,1200,588,1920000
Images/3C.jpg_files/BAD/,3C_s0c0x4796-1600y13506-1200m135.jpg,0,651759.0,3C,1600,1200,589,1920000
Images/3C.jpg_files/BAD/,3C_s0c0x4796-1600y1646-1200m10.jpg,0,885792.0,3C,1600,1200,590,1920000
Images/3C.jpg_files/BAD/,3C_s0c0x4798-1600y15656-1200m153.jpg,0,327806.0,3C,1600,1200,591,1920000
Images/3C.jpg_files/BAD/,3C_s0c0x4804-1600y0-668m0.jpg,0,24306.0,3C,1600,668,592,1068800
Images/3C.jpg_files/BAD/,3C_s0c0x4807-1600y560-1200m3.jpg,0,95825.0,3C,1600,1200,593,1920000
Images/3C.jpg_files/BAD/,3C_s0c0x483-1600y13503-1200m132.jpg,0,36901.0,3C,1600,1200,594,1920000
Images/3C.jpg_files/BAD/,3C_s0c0x484-1600y12429-1200m121.jpg,0,43967.0,3C,1600,1200,595,1920000
Images/3C.jpg_files/BAD/,3C_s0c0x497-1600y11349-1200m110.jpg,0,106920.0,3C,1600,1200,596,1920000
Images/3C.jpg_files/BAD/,3C_s0c0x498-1600y7037-1200m62.jpg,0,296241.0,3C,1600,1200,597,1920000
Images/3C.jpg_files/BAD/,3C_s0c0x499-1600y9191-1200m87.jpg,0,92898.0,3C,1600,1200,598,1920000
Images/3C.jpg_files/BAD/,3C_s0c0x500-1600y4888-1200m38.jpg,0,303945.0,3C,1600,1200,599,1920000
Images/3C.jpg_files/BAD/,3C_s0c0x500-1600y5962-1200m50.jpg,0,478025.0,3C,1600,1200,600,1920000
Images/3C.jpg_files/BAD/,3C_s0c0x500-1600y8112-1200m75.jpg,0,126320.0,3C,1600,1200,601,1920000
Images/3C.jpg_files/BAD/,3C_s0c0x501-1600y10271-1200m99.jpg,0,79641.0,3C,1600,1200,602,1920000
Images/3C.jpg_files/BAD/,3C_s0c0x6223-1600y7038-1200m66.jpg,0,707843.0,3C,1600,1200,603,1920000
Images/3C.jpg_files/BAD/,3C_s0c0x6225-1600y16733-914m160.jpg,0,124849.0,3C,1600,914,604,1462400
Images/3C.jpg_files/BAD/,3C_s0c0x6227-1600y15656-1200m154.jpg,0,630930.0,3C,1600,1200,605,1920000
Images/3C.jpg_files/BAD/,3C_s0c0x6227-1600y8114-1200m79.jpg,0,809030.0,3C,1600,1200,606,1920000
Images/3C.jpg_files/BAD/,3C_s0c0x6229-1600y5964-1200m54.jpg,0,435716.0,3C,1600,1200,607,1920000
Images/3C.jpg_files/BAD/,3C_s0c0x6234-1600y2731-1200m20.jpg,0,548176.0,3C,1600,1200,608,1920000
Images/3C.jpg_files/BAD/,3C_s0c0x6234-1600y560-1200m4.jpg,0,343613.0,3C,1600,1200,609,1920000
Images/3C.jpg_files/BAD/,3C_s0c0x6235-1600y3812-1200m30.jpg,0,340827.0,3C,1600,1200,610,1920000
Images/3C.jpg_files/BAD/,3C_s0c0x6235-1600y4890-1200m42.jpg,0,435211.0,3C,1600,1200,611,1920000
Images/3C.jpg_files/BAD/,3C_s0c0x6242-1600y0-668m1.jpg,0,21524.0,3C,1600,668,612,1068800
Images/3C.jpg_files/BAD/,3C_s0c0x7664-1600y1647-1200m12.jpg,0,623286.0,3C,1600,1200,613,1920000
Images/3C.jpg_files/BAD/,3C_s0c0x7666-1600y13506-1200m137.jpg,0,846657.0,3C,1600,1200,614,1920000
Images/3C.jpg_files/BAD/,3C_s0c0x7667-1600y14580-1200m147.jpg,0,1140846.0,3C,1600,1200,615,1920000
Images/3C.jpg_files/BAD/,3C_s0c0x7668-1600y15656-1200m155.jpg,0,950942.0,3C,1600,1200,616,1920000
Images/3C.jpg_files/BAD/,3C_s0c0x7668-1600y16733-914m161.jpg,0,187169.0,3C,1600,914,617,1462400
Images/3C.jpg_files/BAD/,3C_s0c0x7668-1600y3812-1200m31.jpg,0,298784.0,3C,1600,1200,618,1920000
Images/3C.jpg_files/BAD/,3C_s0c0x7668-1600y4890-1200m43.jpg,0,1037185.0,3C,1600,1200,619,1920000
Images/3C.jpg_files/BAD/,3C_s0c0x7671-1600y560-1200m5.jpg,0,196146.0,3C,1600,1200,620,1920000
Images/3C.jpg_files/BAD/,3C_s0c0x7672-1600y2732-1200m21.jpg,0,293595.0,3C,1600,1200,621,1920000
Images/3C.jpg_files/BAD/,3C_s0c0x9102-1600y15656-1200m156.jpg,0,764487.0,3C,1600,1200,622,1920000
Images/3C.jpg_files/BAD/,3C_s0c0x9108-1600y3814-1200m32.jpg,0,446068.0,3C,1600,1200,623,1920000
Images/3C.jpg_files/BAD/,3C_s0c0x9109-1600y13506-1200m138.jpg,0,443638.0,3C,1600,1200,624,1920000
Images/3C.jpg_files/BAD/,3C_s0c0x9109-1600y560-1200m6.jpg,0,65044.0,3C,1600,1200,625,1920000
Images/3C.jpg_files/BAD/,3C_s0c0x9110-1600y1648-1200m13.jpg,0,470528.0,3C,1600,1200,626,1920000
Images/3C.jpg_files/BAD/,3C_s0c0x9110-1600y2733-1200m22.jpg,0,513605.0,3C,1600,1200,627,1920000
Images/3C.jpg_files/BAD/,3C_s0c0x9112-1600y14581-1200m148.jpg,0,898472.0,3C,1600,1200,628,1920000
Images/3C.jpg_files/BAD/,3C_s0c0x9118-1600y16734-913m162.jpg,0,181736.0,3C,1600,913,629,1460800
Images/4D.jpg_files/GOOD/,4D_s0c0x10050-1600y5537-1200m62.jpg,1,1072964.0,4D,1600,1200,630,1920000
Images/4D.jpg_files/GOOD/,4D_s0c0x10052-1600y4460-1200m50.jpg,1,1126605.0,4D,1600,1200,631,1920000
Images/4D.jpg_files/GOOD/,4D_s0c0x10054-1600y6614-1200m74.jpg,1,900296.0,4D,1600,1200,632,1920000
Images/4D.jpg_files/GOOD/,4D_s0c0x10055-1600y2309-1200m28.jpg,1,1048372.0,4D,1600,1200,633,1920000
Images/4D.jpg_files/GOOD/,4D_s0c0x10058-1600y9852-1200m110.jpg,1,1188030.0,4D,1600,1200,634,1920000
Images/4D.jpg_files/GOOD/,4D_s0c0x10061-1600y7693-1200m86.jpg,1,1025033.0,4D,1600,1200,635,1920000
Images/4D.jpg_files/GOOD/,4D_s0c0x10064-1600y10924-1200m121.jpg,1,1235811.0,4D,1600,1200,636,1920000
Images/4D.jpg_files/GOOD/,4D_s0c0x10066-1600y11999-1200m132.jpg,1,1151976.0,4D,1600,1200,637,1920000
Images/4D.jpg_files/GOOD/,4D_s0c0x10070-1600y8774-1200m98.jpg,1,1174206.0,4D,1600,1200,638,1920000
Images/4D.jpg_files/GOOD/,4D_s0c0x10072-1600y13076-1200m143.jpg,1,945543.0,4D,1600,1200,639,1920000
Images/4D.jpg_files/GOOD/,4D_s0c0x10074-1600y1233-1200m18.jpg,1,1184851.0,4D,1600,1200,640,1920000
Images/4D.jpg_files/GOOD/,4D_s0c0x11506-1600y3382-1200m40.jpg,1,1044601.0,4D,1600,1200,641,1920000
Images/4D.jpg_files/GOOD/,4D_s0c0x11506-1600y4458-1200m51.jpg,1,691084.0,4D,1600,1200,642,1920000
Images/4D.jpg_files/GOOD/,4D_s0c0x11507-1600y2306-1200m29.jpg,1,1131340.0,4D,1600,1200,643,1920000
Images/4D.jpg_files/GOOD/,4D_s0c0x11508-1600y11996-1200m133.jpg,1,1022523.0,4D,1600,1200,644,1920000
Images/4D.jpg_files/GOOD/,4D_s0c0x11509-1600y10922-1200m122.jpg,1,1111021.0,4D,1600,1200,645,1920000
Images/4D.jpg_files/GOOD/,4D_s0c0x11510-1600y7691-1200m87.jpg,1,1156371.0,4D,1600,1200,646,1920000
Images/4D.jpg_files/GOOD/,4D_s0c0x11511-1600y8772-1200m99.jpg,1,1189063.0,4D,1600,1200,647,1920000
Images/4D.jpg_files/GOOD/,4D_s0c0x11516-1600y13074-1200m144.jpg,1,909327.0,4D,1600,1200,648,1920000
Images/4D.jpg_files/GOOD/,4D_s0c0x12946-1600y8772-1200m100.jpg,1,1194943.0,4D,1600,1200,649,1920000
Images/4D.jpg_files/GOOD/,4D_s0c0x12948-1600y11996-1200m134.jpg,1,1022315.0,4D,1600,1200,650,1920000
Images/4D.jpg_files/GOOD/,4D_s0c0x12956-1600y7691-1200m88.jpg,1,1120594.0,4D,1600,1200,651,1920000
Images/4D.jpg_files/GOOD/,4D_s0c0x1430-1600y8771-1200m92.jpg,1,1214890.0,4D,1600,1200,652,1920000
Images/4D.jpg_files/GOOD/,4D_s0c0x2869-1600y6612-1200m69.jpg,1,986166.0,4D,1600,1200,653,1920000
Images/4D.jpg_files/GOOD/,4D_s0c0x2872-1600y3382-1200m34.jpg,1,1141948.0,4D,1600,1200,654,1920000
Images/4D.jpg_files/GOOD/,4D_s0c0x2873-1600y7692-1200m81.jpg,1,1125384.0,4D,1600,1200,655,1920000
Images/4D.jpg_files/GOOD/,4D_s0c0x4304-1600y6614-1200m70.jpg,1,1032318.0,4D,1600,1200,656,1920000
Images/4D.jpg_files/GOOD/,4D_s0c0x4304-1600y7693-1200m82.jpg,1,835997.0,4D,1600,1200,657,1920000
Images/4D.jpg_files/GOOD/,4D_s0c0x4309-1600y2308-1200m24.jpg,1,1035528.0,4D,1600,1200,658,1920000
Images/4D.jpg_files/GOOD/,4D_s0c0x4310-1600y5536-1200m58.jpg,1,904448.0,4D,1600,1200,659,1920000
Images/4D.jpg_files/GOOD/,4D_s0c0x4319-1600y3383-1200m35.jpg,1,896434.0,4D,1600,1200,660,1920000
Images/4D.jpg_files/GOOD/,4D_s0c0x5736-1600y7694-1200m83.jpg,1,1015599.0,4D,1600,1200,661,1920000
Images/4D.jpg_files/GOOD/,4D_s0c0x5739-1600y6615-1200m71.jpg,1,1163251.0,4D,1600,1200,662,1920000
Images/4D.jpg_files/GOOD/,4D_s0c0x5745-1600y1233-1200m15.jpg,1,1128209.0,4D,1600,1200,663,1920000
Images/4D.jpg_files/GOOD/,4D_s0c0x5751-1600y3383-1200m36.jpg,1,987041.0,4D,1600,1200,664,1920000
Images/4D.jpg_files/GOOD/,4D_s0c0x7167-1600y3383-1200m37.jpg,1,1080771.0,4D,1600,1200,665,1920000
Images/4D.jpg_files/GOOD/,4D_s0c0x7167-1600y7693-1200m84.jpg,1,1118331.0,4D,1600,1200,666,1920000
Images/4D.jpg_files/GOOD/,4D_s0c0x7171-1600y4458-1200m48.jpg,1,1022509.0,4D,1600,1200,667,1920000
Images/4D.jpg_files/GOOD/,4D_s0c0x7172-1600y8774-1200m96.jpg,1,808077.0,4D,1600,1200,668,1920000
Images/4D.jpg_files/GOOD/,4D_s0c0x7173-1600y2308-1200m26.jpg,1,1062978.0,4D,1600,1200,669,1920000
Images/4D.jpg_files/GOOD/,4D_s0c0x7174-1600y13074-1200m141.jpg,1,1160516.0,4D,1600,1200,670,1920000
Images/4D.jpg_files/GOOD/,4D_s0c0x7192-1600y14154-1200m148.jpg,1,1192303.0,4D,1600,1200,671,1920000
Images/4D.jpg_files/GOOD/,4D_s0c0x8606-1600y4460-1200m49.jpg,1,646788.0,4D,1600,1200,672,1920000
Images/4D.jpg_files/GOOD/,4D_s0c0x8607-1600y10924-1200m120.jpg,1,1088815.0,4D,1600,1200,673,1920000
Images/4D.jpg_files/GOOD/,4D_s0c0x8608-1600y9852-1200m109.jpg,1,1152858.0,4D,1600,1200,674,1920000
Images/4D.jpg_files/GOOD/,4D_s0c0x8609-1600y7693-1200m85.jpg,1,800436.0,4D,1600,1200,675,1920000
Images/4D.jpg_files/GOOD/,4D_s0c0x8616-1600y3384-1200m38.jpg,1,840577.0,4D,1600,1200,676,1920000
Images/4D.jpg_files/GOOD/,4D_s0c0x8616-1600y8774-1200m97.jpg,1,1178019.0,4D,1600,1200,677,1920000
Images/4D.jpg_files/GOOD/,4D_s0c0x8622-1600y13076-1200m142.jpg,1,1193311.0,4D,1600,1200,678,1920000
Images/4D.jpg_files/GOOD/,4D_s0c0x8624-1600y11999-1200m131.jpg,1,1153358.0,4D,1600,1200,679,1920000
Images/4D.jpg_files/GOOD/,4D_s0c0x8636-1600y14156-1200m149.jpg,1,1214871.0,4D,1600,1200,680,1920000
Images/4D.jpg_files/BAD/,4D_s0c0x0-139y7690-1200m78.jpg,0,4079.0,4D,139,1200,681,166800
Images/4D.jpg_files/BAD/,4D_s0c0x0-139y8770-1200m90.jpg,0,4895.0,4D,139,1200,682,166800
Images/4D.jpg_files/BAD/,4D_s0c0x0-140y6611-1200m66.jpg,0,4382.0,4D,140,1200,683,168000
Images/4D.jpg_files/BAD/,4D_s0c0x0-145y5533-1200m54.jpg,0,5299.0,4D,145,1200,684,174000
Images/4D.jpg_files/BAD/,4D_s0c0x0-147y9848-1200m102.jpg,0,5185.0,4D,147,1200,685,176400
Images/4D.jpg_files/BAD/,4D_s0c0x0-1567y10919-1200m114.jpg,0,70455.0,4D,1567,1200,686,1880400
Images/4D.jpg_files/BAD/,4D_s0c0x0-1568y4455-1200m43.jpg,0,107313.0,4D,1568,1200,687,1881600
Images/4D.jpg_files/BAD/,4D_s0c0x0-1570y13073-1200m136.jpg,0,50908.0,4D,1570,1200,688,1884000
Images/4D.jpg_files/BAD/,4D_s0c0x0-1570y3380-1200m32.jpg,0,73033.0,4D,1570,1200,689,1884000
Images/4D.jpg_files/BAD/,4D_s0c0x0-1577y2306-1200m21.jpg,0,71895.0,4D,1577,1200,690,1892400
Images/4D.jpg_files/BAD/,4D_s0c0x0-1579y11996-1200m125.jpg,0,42073.0,4D,1579,1200,691,1894800
Images/4D.jpg_files/BAD/,4D_s0c0x0-1580y6611-1200m67.jpg,0,512738.0,4D,1580,1200,692,1896000
Images/4D.jpg_files/BAD/,4D_s0c0x0-1580y7690-1200m79.jpg,0,384374.0,4D,1580,1200,693,1896000
Images/4D.jpg_files/BAD/,4D_s0c0x0-1580y8770-1200m91.jpg,0,539651.0,4D,1580,1200,694,1896000
Images/4D.jpg_files/BAD/,4D_s0c0x0-1584y5533-1200m55.jpg,0,288647.0,4D,1584,1200,695,1900800
Images/4D.jpg_files/BAD/,4D_s0c0x0-1586y9848-1200m103.jpg,0,322933.0,4D,1586,1200,696,1903200
Images/4D.jpg_files/BAD/,4D_s0c0x10041-1600y0-274m4.jpg,0,14068.0,4D,1600,274,697,438400
Images/4D.jpg_files/BAD/,4D_s0c0x10059-1600y154-1200m10.jpg,0,527510.0,4D,1600,1200,698,1920000
Images/4D.jpg_files/BAD/,4D_s0c0x10064-1600y3384-1200m39.jpg,0,1095430.0,4D,1600,1200,699,1920000
Images/4D.jpg_files/BAD/,4D_s0c0x10075-1600y14156-1200m150.jpg,0,1102069.0,4D,1600,1200,700,1920000
Images/4D.jpg_files/BAD/,4D_s0c0x10080-1600y15237-832m156.jpg,0,98865.0,4D,1600,832,701,1331200
Images/4D.jpg_files/BAD/,4D_s0c0x11502-1600y9850-1200m111.jpg,0,925462.0,4D,1600,1200,702,1920000
Images/4D.jpg_files/BAD/,4D_s0c0x11504-1600y6613-1200m75.jpg,0,572835.0,4D,1600,1200,703,1920000
Images/4D.jpg_files/BAD/,4D_s0c0x11506-1600y5536-1200m63.jpg,0,383599.0,4D,1600,1200,704,1920000
Images/4D.jpg_files/BAD/,4D_s0c0x11509-1600y152-1200m11.jpg,0,96955.0,4D,1600,1200,705,1920000
Images/4D.jpg_files/BAD/,4D_s0c0x11510-1600y1231-1200m19.jpg,0,938996.0,4D,1600,1200,706,1920000
Images/4D.jpg_files/BAD/,4D_s0c0x11516-1600y14154-1200m151.jpg,0,455458.0,4D,1600,1200,707,1920000
Images/4D.jpg_files/BAD/,4D_s0c0x12947-1600y5537-1200m64.jpg,0,291585.0,4D,1600,1200,708,1920000
Images/4D.jpg_files/BAD/,4D_s0c0x12948-1600y4458-1200m52.jpg,0,586508.0,4D,1600,1200,709,1920000
Images/4D.jpg_files/BAD/,4D_s0c0x12948-1600y6614-1200m76.jpg,0,478888.0,4D,1600,1200,710,1920000
Images/4D.jpg_files/BAD/,4D_s0c0x12950-1600y10922-1200m123.jpg,0,954678.0,4D,1600,1200,711,1920000
Images/4D.jpg_files/BAD/,4D_s0c0x12950-1600y3382-1200m41.jpg,0,1061400.0,4D,1600,1200,712,1920000
Images/4D.jpg_files/BAD/,4D_s0c0x12950-1600y9850-1200m112.jpg,0,716690.0,4D,1600,1200,713,1920000
Images/4D.jpg_files/BAD/,4D_s0c0x12951-1600y2306-1200m30.jpg,0,758464.0,4D,1600,1200,714,1920000
Images/4D.jpg_files/BAD/,4D_s0c0x12953-1600y1231-1200m20.jpg,0,112065.0,4D,1600,1200,715,1920000
Images/4D.jpg_files/BAD/,4D_s0c0x12957-1600y13074-1200m145.jpg,0,374737.0,4D,1600,1200,716,1920000
Images/4D.jpg_files/BAD/,4D_s0c0x1412-1600y10921-1200m115.jpg,0,643159.0,4D,1600,1200,717,1920000
Images/4D.jpg_files/BAD/,4D_s0c0x1413-1600y13073-1200m137.jpg,0,201645.0,4D,1600,1200,718,1920000
Images/4D.jpg_files/BAD/,4D_s0c0x1413-1600y3381-1200m33.jpg,0,603619.0,4D,1600,1200,719,1920000
Images/4D.jpg_files/BAD/,4D_s0c0x1416-1600y4456-1200m44.jpg,0,766382.0,4D,1600,1200,720,1920000
Images/4D.jpg_files/BAD/,4D_s0c0x1418-1600y1231-1200m12.jpg,0,55207.0,4D,1600,1200,721,1920000
Images/4D.jpg_files/BAD/,4D_s0c0x1418-1600y2306-1200m22.jpg,0,129327.0,4D,1600,1200,722,1920000
Images/4D.jpg_files/BAD/,4D_s0c0x1419-1600y11996-1200m126.jpg,0,413395.0,4D,1600,1200,723,1920000
Images/4D.jpg_files/BAD/,4D_s0c0x1426-1600y9849-1200m104.jpg,0,1012329.0,4D,1600,1200,724,1920000
Images/4D.jpg_files/BAD/,4D_s0c0x1428-1600y6612-1200m68.jpg,0,996643.0,4D,1600,1200,725,1920000
Images/4D.jpg_files/BAD/,4D_s0c0x1428-1600y7691-1200m80.jpg,0,981571.0,4D,1600,1200,726,1920000
Images/4D.jpg_files/BAD/,4D_s0c0x1432-1600y5534-1200m56.jpg,0,947270.0,4D,1600,1200,727,1920000
Images/4D.jpg_files/BAD/,4D_s0c0x14376-1600y5536-1200m65.jpg,0,890472.0,4D,1600,1200,728,1920000
Images/4D.jpg_files/BAD/,4D_s0c0x14380-1600y11998-1200m135.jpg,0,196513.0,4D,1600,1200,729,1920000
Images/4D.jpg_files/BAD/,4D_s0c0x14380-1600y6614-1200m77.jpg,0,946985.0,4D,1600,1200,730,1920000
Images/4D.jpg_files/BAD/,4D_s0c0x14380-1600y9850-1200m113.jpg,0,721565.0,4D,1600,1200,731,1920000
Images/4D.jpg_files/BAD/,4D_s0c0x14385-1600y3383-1200m42.jpg,0,326712.0,4D,1600,1200,732,1920000
Images/4D.jpg_files/BAD/,4D_s0c0x14386-1600y10923-1200m124.jpg,0,663582.0,4D,1600,1200,733,1920000
Images/4D.jpg_files/BAD/,4D_s0c0x14386-1600y8772-1200m101.jpg,0,843926.0,4D,1600,1200,734,1920000
Images/4D.jpg_files/BAD/,4D_s0c0x14387-1600y2308-1200m31.jpg,0,51934.0,4D,1600,1200,735,1920000
Images/4D.jpg_files/BAD/,4D_s0c0x14387-1600y7692-1200m89.jpg,0,840358.0,4D,1600,1200,736,1920000
Images/4D.jpg_files/BAD/,4D_s0c0x14388-1600y4458-1200m53.jpg,0,690560.0,4D,1600,1200,737,1920000
Images/4D.jpg_files/BAD/,4D_s0c0x2860-1600y1231-1200m13.jpg,0,256923.0,4D,1600,1200,738,1920000
Images/4D.jpg_files/BAD/,4D_s0c0x2863-1600y4456-1200m45.jpg,0,1008483.0,4D,1600,1200,739,1920000
Images/4D.jpg_files/BAD/,4D_s0c0x2864-1600y10922-1200m116.jpg,0,843496.0,4D,1600,1200,740,1920000
Images/4D.jpg_files/BAD/,4D_s0c0x2869-1600y11997-1200m127.jpg,0,595438.0,4D,1600,1200,741,1920000
Images/4D.jpg_files/BAD/,4D_s0c0x2870-1600y13073-1200m138.jpg,0,165203.0,4D,1600,1200,742,1920000
Images/4D.jpg_files/BAD/,4D_s0c0x2870-1600y154-1200m5.jpg,0,45081.0,4D,1600,1200,743,1920000
Images/4D.jpg_files/BAD/,4D_s0c0x2870-1600y2307-1200m23.jpg,0,921412.0,4D,1600,1200,744,1920000
Images/4D.jpg_files/BAD/,4D_s0c0x2875-1600y8772-1200m93.jpg,0,794620.0,4D,1600,1200,745,1920000
Images/4D.jpg_files/BAD/,4D_s0c0x2878-1600y9850-1200m105.jpg,0,881844.0,4D,1600,1200,746,1920000
Images/4D.jpg_files/BAD/,4D_s0c0x2886-1600y5534-1200m57.jpg,0,980546.0,4D,1600,1200,747,1920000
Images/4D.jpg_files/BAD/,4D_s0c0x4296-1600y14153-1200m146.jpg,0,105020.0,4D,1600,1200,748,1920000
Images/4D.jpg_files/BAD/,4D_s0c0x4297-1600y15235-834m152.jpg,0,41925.0,4D,1600,834,749,1334400
Images/4D.jpg_files/BAD/,4D_s0c0x4298-1600y0-272m0.jpg,0,11619.0,4D,1600,272,750,435200
Images/4D.jpg_files/BAD/,4D_s0c0x4305-1600y4458-1200m46.jpg,0,966094.0,4D,1600,1200,751,1920000
Images/4D.jpg_files/BAD/,4D_s0c0x4307-1600y1232-1200m14.jpg,0,1114994.0,4D,1600,1200,752,1920000
Images/4D.jpg_files/BAD/,4D_s0c0x4308-1600y8773-1200m94.jpg,0,853146.0,4D,1600,1200,753,1920000
Images/4D.jpg_files/BAD/,4D_s0c0x4310-1600y154-1200m6.jpg,0,164851.0,4D,1600,1200,754,1920000
Images/4D.jpg_files/BAD/,4D_s0c0x4312-1600y9851-1200m106.jpg,0,889077.0,4D,1600,1200,755,1920000
Images/4D.jpg_files/BAD/,4D_s0c0x4316-1600y11998-1200m128.jpg,0,807361.0,4D,1600,1200,756,1920000
Images/4D.jpg_files/BAD/,4D_s0c0x4317-1600y10924-1200m117.jpg,0,889517.0,4D,1600,1200,757,1920000
Images/4D.jpg_files/BAD/,4D_s0c0x4320-1600y13074-1200m139.jpg,0,648983.0,4D,1600,1200,758,1920000
Images/4D.jpg_files/BAD/,4D_s0c0x5738-1600y8774-1200m95.jpg,0,491393.0,4D,1600,1200,759,1920000
Images/4D.jpg_files/BAD/,4D_s0c0x5740-1600y0-272m1.jpg,0,9287.0,4D,1600,272,760,435200
Images/4D.jpg_files/BAD/,4D_s0c0x5740-1600y9852-1200m107.jpg,0,216864.0,4D,1600,1200,761,1920000
Images/4D.jpg_files/BAD/,4D_s0c0x5742-1600y14155-1200m147.jpg,0,852515.0,4D,1600,1200,762,1920000
Images/4D.jpg_files/BAD/,4D_s0c0x5742-1600y5536-1200m59.jpg,0,866985.0,4D,1600,1200,763,1920000
Images/4D.jpg_files/BAD/,4D_s0c0x5743-1600y4458-1200m47.jpg,0,910024.0,4D,1600,1200,764,1920000
Images/4D.jpg_files/BAD/,4D_s0c0x5745-1600y2308-1200m25.jpg,0,1014841.0,4D,1600,1200,765,1920000
Images/4D.jpg_files/BAD/,4D_s0c0x5748-1600y13075-1200m140.jpg,0,874459.0,4D,1600,1200,766,1920000
Images/4D.jpg_files/BAD/,4D_s0c0x5749-1600y10925-1200m118.jpg,0,348275.0,4D,1600,1200,767,1920000
Images/4D.jpg_files/BAD/,4D_s0c0x5750-1600y15237-832m153.jpg,0,70806.0,4D,1600,832,768,1331200
Images/4D.jpg_files/BAD/,4D_s0c0x5750-1600y154-1200m7.jpg,0,561776.0,4D,1600,1200,769,1920000
Images/4D.jpg_files/BAD/,4D_s0c0x5757-1600y11999-1200m129.jpg,0,708808.0,4D,1600,1200,770,1920000
Images/4D.jpg_files/BAD/,4D_s0c0x7167-1600y6614-1200m72.jpg,0,587138.0,4D,1600,1200,771,1920000
Images/4D.jpg_files/BAD/,4D_s0c0x7168-1600y10923-1200m119.jpg,0,305877.0,4D,1600,1200,772,1920000
Images/4D.jpg_files/BAD/,4D_s0c0x7173-1600y9851-1200m108.jpg,0,437671.0,4D,1600,1200,773,1920000
Images/4D.jpg_files/BAD/,4D_s0c0x7176-1600y5536-1200m60.jpg,0,613848.0,4D,1600,1200,774,1920000
Images/4D.jpg_files/BAD/,4D_s0c0x7179-1600y1233-1200m16.jpg,0,883704.0,4D,1600,1200,775,1920000
Images/4D.jpg_files/BAD/,4D_s0c0x7180-1600y11998-1200m130.jpg,0,870928.0,4D,1600,1200,776,1920000
Images/4D.jpg_files/BAD/,4D_s0c0x7182-1600y154-1200m8.jpg,0,740588.0,4D,1600,1200,777,1920000
Images/4D.jpg_files/BAD/,4D_s0c0x7185-1600y0-274m2.jpg,0,9689.0,4D,1600,274,778,438400
Images/4D.jpg_files/BAD/,4D_s0c0x7195-1600y15236-833m154.jpg,0,256699.0,4D,1600,833,779,1332800
Images/4D.jpg_files/BAD/,4D_s0c0x8605-1600y5537-1200m61.jpg,0,139216.0,4D,1600,1200,780,1920000
Images/4D.jpg_files/BAD/,4D_s0c0x8606-1600y6614-1200m73.jpg,0,142005.0,4D,1600,1200,781,1920000
Images/4D.jpg_files/BAD/,4D_s0c0x8610-1600y2309-1200m27.jpg,0,1070035.0,4D,1600,1200,782,1920000
Images/4D.jpg_files/BAD/,4D_s0c0x8615-1600y154-1200m9.jpg,0,718902.0,4D,1600,1200,783,1920000
Images/4D.jpg_files/BAD/,4D_s0c0x8619-1600y1233-1200m17.jpg,0,1120028.0,4D,1600,1200,784,1920000
Images/4D.jpg_files/BAD/,4D_s0c0x8629-1600y0-275m3.jpg,0,10690.0,4D,1600,275,785,440000
Images/4D.jpg_files/BAD/,4D_s0c0x8634-1600y15237-832m155.jpg,0,227626.0,4D,1600,832,786,1331200
